<CourseSchedule id="1">
  <id>0</id>
  <teacherList id="2">
    <Teacher id="3">
      <id>0</id>
      <code>Amy Cole</code>
    </Teacher>
    <Teacher id="4">
      <id>1</id>
      <code>Beth Fox</code>
    </Teacher>
    <Teacher id="5">
      <id>2</id>
      <code>Chad Green</code>
    </Teacher>
    <Teacher id="6">
      <id>3</id>
      <code>Dan Jones</code>
    </Teacher>
    <Teacher id="7">
      <id>4</id>
      <code>Elsa King</code>
    </Teacher>
    <Teacher id="8">
      <id>5</id>
      <code>Flo Li</code>
    </Teacher>
    <Teacher id="9">
      <id>6</id>
      <code>Gus Poe</code>
    </Teacher>
    <Teacher id="10">
      <id>7</id>
      <code>Hugo Rye</code>
    </Teacher>
    <Teacher id="11">
      <id>8</id>
      <code>Ivy Smith</code>
    </Teacher>
    <Teacher id="12">
      <id>9</id>
      <code>Jay Watt</code>
    </Teacher>
    <Teacher id="13">
      <id>10</id>
      <code>Amy Fox</code>
    </Teacher>
    <Teacher id="14">
      <id>11</id>
      <code>Beth Green</code>
    </Teacher>
    <Teacher id="15">
      <id>12</id>
      <code>Chad Jones</code>
    </Teacher>
    <Teacher id="16">
      <id>13</id>
      <code>Dan King</code>
    </Teacher>
    <Teacher id="17">
      <id>14</id>
      <code>Elsa Li</code>
    </Teacher>
    <Teacher id="18">
      <id>15</id>
      <code>Flo Poe</code>
    </Teacher>
  </teacherList>
  <curriculumList id="19">
    <Curriculum id="20">
      <id>0</id>
      <code>Group A</code>
    </Curriculum>
    <Curriculum id="21">
      <id>1</id>
      <code>Group B</code>
    </Curriculum>
    <Curriculum id="22">
      <id>2</id>
      <code>Group C</code>
    </Curriculum>
    <Curriculum id="23">
      <id>3</id>
      <code>Group D</code>
    </Curriculum>
    <Curriculum id="24">
      <id>4</id>
      <code>Group E</code>
    </Curriculum>
    <Curriculum id="25">
      <id>5</id>
      <code>Group F</code>
    </Curriculum>
    <Curriculum id="26">
      <id>6</id>
      <code>Group G</code>
    </Curriculum>
    <Curriculum id="27">
      <id>7</id>
      <code>Group H</code>
    </Curriculum>
  </curriculumList>
  <courseList id="28">
    <Course id="29">
      <id>0</id>
      <code>MathA</code>
      <teacher reference="3"/>
      <lectureSize>4</lectureSize>
      <minWorkingDaySize>1</minWorkingDaySize>
      <curriculumList id="30"/>
      <studentSize>0</studentSize>
    </Course>
    <Course id="31">
      <id>1</id>
      <code>ChemistryA</code>
      <teacher reference="4"/>
      <lectureSize>7</lectureSize>
      <minWorkingDaySize>1</minWorkingDaySize>
      <curriculumList id="32">
        <Curriculum reference="25"/>
      </curriculumList>
      <studentSize>15</studentSize>
    </Course>
    <Course id="33">
      <id>2</id>
      <code>PhysicsA</code>
      <teacher reference="5"/>
      <lectureSize>5</lectureSize>
      <minWorkingDaySize>1</minWorkingDaySize>
      <curriculumList id="34">
        <Curriculum reference="20"/>
        <Curriculum reference="24"/>
      </curriculumList>
      <studentSize>32</studentSize>
    </Course>
    <Course id="35">
      <id>3</id>
      <code>GeographyA</code>
      <teacher reference="6"/>
      <lectureSize>4</lectureSize>
      <minWorkingDaySize>1</minWorkingDaySize>
      <curriculumList id="36"/>
      <studentSize>0</studentSize>
    </Course>
    <Course id="37">
      <id>4</id>
      <code>BiologyA</code>
      <teacher reference="7"/>
      <lectureSize>2</lectureSize>
      <minWorkingDaySize>1</minWorkingDaySize>
      <curriculumList id="38">
        <Curriculum reference="21"/>
        <Curriculum reference="22"/>
      </curriculumList>
      <studentSize>35</studentSize>
    </Course>
    <Course id="39">
      <id>5</id>
      <code>HistoryA</code>
      <teacher reference="8"/>
      <lectureSize>4</lectureSize>
      <minWorkingDaySize>1</minWorkingDaySize>
      <curriculumList id="40">
        <Curriculum reference="22"/>
        <Curriculum reference="23"/>
      </curriculumList>
      <studentSize>31</studentSize>
    </Course>
    <Course id="41">
      <id>6</id>
      <code>EnglishA</code>
      <teacher reference="9"/>
      <lectureSize>3</lectureSize>
      <minWorkingDaySize>1</minWorkingDaySize>
      <curriculumList id="42">
        <Curriculum reference="25"/>
        <Curriculum reference="27"/>
      </curriculumList>
      <studentSize>22</studentSize>
    </Course>
    <Course id="43">
      <id>7</id>
      <code>SpanishA</code>
      <teacher reference="10"/>
      <lectureSize>3</lectureSize>
      <minWorkingDaySize>1</minWorkingDaySize>
      <curriculumList id="44">
        <Curriculum reference="21"/>
      </curriculumList>
      <studentSize>15</studentSize>
    </Course>
    <Course id="45">
      <id>8</id>
      <code>FrenchA</code>
      <teacher reference="11"/>
      <lectureSize>2</lectureSize>
      <minWorkingDaySize>1</minWorkingDaySize>
      <curriculumList id="46">
        <Curriculum reference="20"/>
        <Curriculum reference="25"/>
      </curriculumList>
      <studentSize>29</studentSize>
    </Course>
    <Course id="47">
      <id>9</id>
      <code>GermanA</code>
      <teacher reference="12"/>
      <lectureSize>4</lectureSize>
      <minWorkingDaySize>1</minWorkingDaySize>
      <curriculumList id="48">
        <Curriculum reference="23"/>
      </curriculumList>
      <studentSize>11</studentSize>
    </Course>
    <Course id="49">
      <id>10</id>
      <code>ICTA</code>
      <teacher reference="13"/>
      <lectureSize>4</lectureSize>
      <minWorkingDaySize>1</minWorkingDaySize>
      <curriculumList id="50"/>
      <studentSize>0</studentSize>
    </Course>
    <Course id="51">
      <id>11</id>
      <code>EconomicsA</code>
      <teacher reference="14"/>
      <lectureSize>7</lectureSize>
      <minWorkingDaySize>1</minWorkingDaySize>
      <curriculumList id="52">
        <Curriculum reference="21"/>
        <Curriculum reference="24"/>
      </curriculumList>
      <studentSize>33</studentSize>
    </Course>
    <Course id="53">
      <id>12</id>
      <code>PsychologyA</code>
      <teacher reference="15"/>
      <lectureSize>6</lectureSize>
      <minWorkingDaySize>1</minWorkingDaySize>
      <curriculumList id="54">
        <Curriculum reference="21"/>
        <Curriculum reference="22"/>
      </curriculumList>
      <studentSize>35</studentSize>
    </Course>
    <Course id="55">
      <id>13</id>
      <code>ArtA</code>
      <teacher reference="16"/>
      <lectureSize>2</lectureSize>
      <minWorkingDaySize>1</minWorkingDaySize>
      <curriculumList id="56"/>
      <studentSize>0</studentSize>
    </Course>
    <Course id="57">
      <id>14</id>
      <code>MusicA</code>
      <teacher reference="17"/>
      <lectureSize>5</lectureSize>
      <minWorkingDaySize>1</minWorkingDaySize>
      <curriculumList id="58"/>
      <studentSize>0</studentSize>
    </Course>
    <Course id="59">
      <id>15</id>
      <code>MathB</code>
      <teacher reference="18"/>
      <lectureSize>3</lectureSize>
      <minWorkingDaySize>1</minWorkingDaySize>
      <curriculumList id="60">
        <Curriculum reference="20"/>
        <Curriculum reference="26"/>
      </curriculumList>
      <studentSize>35</studentSize>
    </Course>
    <Course id="61">
      <id>16</id>
      <code>ChemistryB</code>
      <teacher reference="3"/>
      <lectureSize>3</lectureSize>
      <minWorkingDaySize>1</minWorkingDaySize>
      <curriculumList id="62">
        <Curriculum reference="20"/>
      </curriculumList>
      <studentSize>14</studentSize>
    </Course>
    <Course id="63">
      <id>17</id>
      <code>PhysicsB</code>
      <teacher reference="4"/>
      <lectureSize>6</lectureSize>
      <minWorkingDaySize>1</minWorkingDaySize>
      <curriculumList id="64">
        <Curriculum reference="23"/>
      </curriculumList>
      <studentSize>11</studentSize>
    </Course>
    <Course id="65">
      <id>18</id>
      <code>GeographyB</code>
      <teacher reference="5"/>
      <lectureSize>5</lectureSize>
      <minWorkingDaySize>1</minWorkingDaySize>
      <curriculumList id="66">
        <Curriculum reference="24"/>
        <Curriculum reference="27"/>
      </curriculumList>
      <studentSize>25</studentSize>
    </Course>
    <Course id="67">
      <id>19</id>
      <code>BiologyB</code>
      <teacher reference="6"/>
      <lectureSize>3</lectureSize>
      <minWorkingDaySize>1</minWorkingDaySize>
      <curriculumList id="68"/>
      <studentSize>0</studentSize>
    </Course>
    <Course id="69">
      <id>20</id>
      <code>HistoryB</code>
      <teacher reference="7"/>
      <lectureSize>6</lectureSize>
      <minWorkingDaySize>1</minWorkingDaySize>
      <curriculumList id="70">
        <Curriculum reference="23"/>
        <Curriculum reference="27"/>
      </curriculumList>
      <studentSize>18</studentSize>
    </Course>
    <Course id="71">
      <id>21</id>
      <code>EnglishB</code>
      <teacher reference="8"/>
      <lectureSize>7</lectureSize>
      <minWorkingDaySize>1</minWorkingDaySize>
      <curriculumList id="72">
        <Curriculum reference="20"/>
      </curriculumList>
      <studentSize>14</studentSize>
    </Course>
    <Course id="73">
      <id>22</id>
      <code>SpanishB</code>
      <teacher reference="9"/>
      <lectureSize>6</lectureSize>
      <minWorkingDaySize>1</minWorkingDaySize>
      <curriculumList id="74">
        <Curriculum reference="24"/>
      </curriculumList>
      <studentSize>18</studentSize>
    </Course>
    <Course id="75">
      <id>23</id>
      <code>FrenchB</code>
      <teacher reference="10"/>
      <lectureSize>3</lectureSize>
      <minWorkingDaySize>1</minWorkingDaySize>
      <curriculumList id="76">
        <Curriculum reference="26"/>
      </curriculumList>
      <studentSize>21</studentSize>
    </Course>
    <Course id="77">
      <id>24</id>
      <code>GermanB</code>
      <teacher reference="11"/>
      <lectureSize>7</lectureSize>
      <minWorkingDaySize>1</minWorkingDaySize>
      <curriculumList id="78">
        <Curriculum reference="25"/>
      </curriculumList>
      <studentSize>15</studentSize>
    </Course>
    <Course id="79">
      <id>25</id>
      <code>ICTB</code>
      <teacher reference="12"/>
      <lectureSize>4</lectureSize>
      <minWorkingDaySize>1</minWorkingDaySize>
      <curriculumList id="80"/>
      <studentSize>0</studentSize>
    </Course>
    <Course id="81">
      <id>26</id>
      <code>EconomicsB</code>
      <teacher reference="13"/>
      <lectureSize>2</lectureSize>
      <minWorkingDaySize>1</minWorkingDaySize>
      <curriculumList id="82">
        <Curriculum reference="26"/>
      </curriculumList>
      <studentSize>21</studentSize>
    </Course>
    <Course id="83">
      <id>27</id>
      <code>PsychologyB</code>
      <teacher reference="14"/>
      <lectureSize>2</lectureSize>
      <minWorkingDaySize>1</minWorkingDaySize>
      <curriculumList id="84">
        <Curriculum reference="20"/>
        <Curriculum reference="25"/>
      </curriculumList>
      <studentSize>29</studentSize>
    </Course>
    <Course id="85">
      <id>28</id>
      <code>ArtB</code>
      <teacher reference="15"/>
      <lectureSize>3</lectureSize>
      <minWorkingDaySize>1</minWorkingDaySize>
      <curriculumList id="86">
        <Curriculum reference="21"/>
      </curriculumList>
      <studentSize>15</studentSize>
    </Course>
    <Course id="87">
      <id>29</id>
      <code>MusicB</code>
      <teacher reference="16"/>
      <lectureSize>5</lectureSize>
      <minWorkingDaySize>1</minWorkingDaySize>
      <curriculumList id="88">
        <Curriculum reference="26"/>
      </curriculumList>
      <studentSize>21</studentSize>
    </Course>
    <Course id="89">
      <id>30</id>
      <code>HistoryC</code>
      <teacher reference="17"/>
      <lectureSize>5</lectureSize>
      <minWorkingDaySize>1</minWorkingDaySize>
      <curriculumList id="90">
        <Curriculum reference="22"/>
      </curriculumList>
      <studentSize>20</studentSize>
    </Course>
    <Course id="91">
      <id>31</id>
      <code>GeographyC</code>
      <teacher reference="18"/>
      <lectureSize>6</lectureSize>
      <minWorkingDaySize>1</minWorkingDaySize>
      <curriculumList id="92"/>
      <studentSize>0</studentSize>
    </Course>
    <Course id="93">
      <id>32</id>
      <code>MathC</code>
      <teacher reference="6"/>
      <lectureSize>6</lectureSize>
      <minWorkingDaySize>1</minWorkingDaySize>
      <curriculumList id="94">
        <Curriculum reference="25"/>
        <Curriculum reference="26"/>
      </curriculumList>
      <studentSize>36</studentSize>
    </Course>
    <Course id="95">
      <id>33</id>
      <code>HistoryD</code>
      <teacher reference="6"/>
      <lectureSize>6</lectureSize>
      <minWorkingDaySize>1</minWorkingDaySize>
      <curriculumList id="96">
        <Curriculum reference="21"/>
        <Curriculum reference="22"/>
      </curriculumList>
      <studentSize>35</studentSize>
    </Course>
    <Course id="97">
      <id>34</id>
      <code>PhysicsC</code>
      <teacher reference="5"/>
      <lectureSize>6</lectureSize>
      <minWorkingDaySize>1</minWorkingDaySize>
      <curriculumList id="98">
        <Curriculum reference="26"/>
        <Curriculum reference="27"/>
      </curriculumList>
      <studentSize>28</studentSize>
    </Course>
    <Course id="99">
      <id>35</id>
      <code>MusicC</code>
      <teacher reference="5"/>
      <lectureSize>6</lectureSize>
      <minWorkingDaySize>1</minWorkingDaySize>
      <curriculumList id="100">
        <Curriculum reference="23"/>
        <Curriculum reference="24"/>
        <Curriculum reference="27"/>
      </curriculumList>
      <studentSize>36</studentSize>
    </Course>
    <Course id="101">
      <id>36</id>
      <code>FrenchC</code>
      <teacher reference="11"/>
      <lectureSize>7</lectureSize>
      <minWorkingDaySize>1</minWorkingDaySize>
      <curriculumList id="102"/>
      <studentSize>0</studentSize>
    </Course>
    <Course id="103">
      <id>37</id>
      <code>ChemistryC</code>
      <teacher reference="16"/>
      <lectureSize>4</lectureSize>
      <minWorkingDaySize>1</minWorkingDaySize>
      <curriculumList id="104">
        <Curriculum reference="27"/>
      </curriculumList>
      <studentSize>7</studentSize>
    </Course>
    <Course id="105">
      <id>38</id>
      <code>BiologyC</code>
      <teacher reference="4"/>
      <lectureSize>4</lectureSize>
      <minWorkingDaySize>1</minWorkingDaySize>
      <curriculumList id="106">
        <Curriculum reference="20"/>
        <Curriculum reference="25"/>
      </curriculumList>
      <studentSize>29</studentSize>
    </Course>
    <Course id="107">
      <id>39</id>
      <code>FrenchD</code>
      <teacher reference="16"/>
      <lectureSize>5</lectureSize>
      <minWorkingDaySize>1</minWorkingDaySize>
      <curriculumList id="108">
        <Curriculum reference="22"/>
      </curriculumList>
      <studentSize>20</studentSize>
    </Course>
    <Course id="109">
      <id>40</id>
      <code>GeographyD</code>
      <teacher reference="13"/>
      <lectureSize>3</lectureSize>
      <minWorkingDaySize>1</minWorkingDaySize>
      <curriculumList id="110">
        <Curriculum reference="24"/>
      </curriculumList>
      <studentSize>18</studentSize>
    </Course>
    <Course id="111">
      <id>41</id>
      <code>SpanishC</code>
      <teacher reference="11"/>
      <lectureSize>5</lectureSize>
      <minWorkingDaySize>1</minWorkingDaySize>
      <curriculumList id="112">
        <Curriculum reference="23"/>
        <Curriculum reference="26"/>
      </curriculumList>
      <studentSize>32</studentSize>
    </Course>
    <Course id="113">
      <id>42</id>
      <code>MathD</code>
      <teacher reference="13"/>
      <lectureSize>4</lectureSize>
      <minWorkingDaySize>1</minWorkingDaySize>
      <curriculumList id="114">
        <Curriculum reference="21"/>
        <Curriculum reference="22"/>
      </curriculumList>
      <studentSize>35</studentSize>
    </Course>
    <Course id="115">
      <id>43</id>
      <code>EconomicsC</code>
      <teacher reference="7"/>
      <lectureSize>2</lectureSize>
      <minWorkingDaySize>1</minWorkingDaySize>
      <curriculumList id="116">
        <Curriculum reference="20"/>
        <Curriculum reference="26"/>
      </curriculumList>
      <studentSize>35</studentSize>
    </Course>
    <Course id="117">
      <id>44</id>
      <code>FrenchE</code>
      <teacher reference="17"/>
      <lectureSize>4</lectureSize>
      <minWorkingDaySize>1</minWorkingDaySize>
      <curriculumList id="118">
        <Curriculum reference="20"/>
      </curriculumList>
      <studentSize>14</studentSize>
    </Course>
  </courseList>
  <dayList id="119">
    <Day id="120">
      <id>0</id>
      <dayIndex>0</dayIndex>
      <periodList id="121">
        <Period id="122">
          <id>0</id>
          <day reference="120"/>
          <timeslot id="123">
            <id>0</id>
            <timeslotIndex>0</timeslotIndex>
          </timeslot>
        </Period>
        <Period id="124">
          <id>1</id>
          <day reference="120"/>
          <timeslot id="125">
            <id>1</id>
            <timeslotIndex>1</timeslotIndex>
          </timeslot>
        </Period>
        <Period id="126">
          <id>2</id>
          <day reference="120"/>
          <timeslot id="127">
            <id>2</id>
            <timeslotIndex>2</timeslotIndex>
          </timeslot>
        </Period>
        <Period id="128">
          <id>3</id>
          <day reference="120"/>
          <timeslot id="129">
            <id>3</id>
            <timeslotIndex>3</timeslotIndex>
          </timeslot>
        </Period>
        <Period id="130">
          <id>4</id>
          <day reference="120"/>
          <timeslot id="131">
            <id>4</id>
            <timeslotIndex>4</timeslotIndex>
          </timeslot>
        </Period>
        <Period id="132">
          <id>5</id>
          <day reference="120"/>
          <timeslot id="133">
            <id>5</id>
            <timeslotIndex>5</timeslotIndex>
          </timeslot>
        </Period>
        <Period id="134">
          <id>6</id>
          <day reference="120"/>
          <timeslot id="135">
            <id>6</id>
            <timeslotIndex>6</timeslotIndex>
          </timeslot>
        </Period>
      </periodList>
    </Day>
    <Day id="136">
      <id>1</id>
      <dayIndex>1</dayIndex>
      <periodList id="137">
        <Period id="138">
          <id>7</id>
          <day reference="136"/>
          <timeslot reference="123"/>
        </Period>
        <Period id="139">
          <id>8</id>
          <day reference="136"/>
          <timeslot reference="125"/>
        </Period>
        <Period id="140">
          <id>9</id>
          <day reference="136"/>
          <timeslot reference="127"/>
        </Period>
        <Period id="141">
          <id>10</id>
          <day reference="136"/>
          <timeslot reference="129"/>
        </Period>
        <Period id="142">
          <id>11</id>
          <day reference="136"/>
          <timeslot reference="131"/>
        </Period>
        <Period id="143">
          <id>12</id>
          <day reference="136"/>
          <timeslot reference="133"/>
        </Period>
        <Period id="144">
          <id>13</id>
          <day reference="136"/>
          <timeslot reference="135"/>
        </Period>
      </periodList>
    </Day>
    <Day id="145">
      <id>2</id>
      <dayIndex>2</dayIndex>
      <periodList id="146">
        <Period id="147">
          <id>14</id>
          <day reference="145"/>
          <timeslot reference="123"/>
        </Period>
        <Period id="148">
          <id>15</id>
          <day reference="145"/>
          <timeslot reference="125"/>
        </Period>
        <Period id="149">
          <id>16</id>
          <day reference="145"/>
          <timeslot reference="127"/>
        </Period>
        <Period id="150">
          <id>17</id>
          <day reference="145"/>
          <timeslot reference="129"/>
        </Period>
      </periodList>
    </Day>
    <Day id="151">
      <id>3</id>
      <dayIndex>3</dayIndex>
      <periodList id="152">
        <Period id="153">
          <id>18</id>
          <day reference="151"/>
          <timeslot reference="123"/>
        </Period>
        <Period id="154">
          <id>19</id>
          <day reference="151"/>
          <timeslot reference="125"/>
        </Period>
        <Period id="155">
          <id>20</id>
          <day reference="151"/>
          <timeslot reference="127"/>
        </Period>
        <Period id="156">
          <id>21</id>
          <day reference="151"/>
          <timeslot reference="129"/>
        </Period>
        <Period id="157">
          <id>22</id>
          <day reference="151"/>
          <timeslot reference="131"/>
        </Period>
        <Period id="158">
          <id>23</id>
          <day reference="151"/>
          <timeslot reference="133"/>
        </Period>
        <Period id="159">
          <id>24</id>
          <day reference="151"/>
          <timeslot reference="135"/>
        </Period>
      </periodList>
    </Day>
    <Day id="160">
      <id>4</id>
      <dayIndex>4</dayIndex>
      <periodList id="161">
        <Period id="162">
          <id>25</id>
          <day reference="160"/>
          <timeslot reference="123"/>
        </Period>
        <Period id="163">
          <id>26</id>
          <day reference="160"/>
          <timeslot reference="125"/>
        </Period>
        <Period id="164">
          <id>27</id>
          <day reference="160"/>
          <timeslot reference="127"/>
        </Period>
        <Period id="165">
          <id>28</id>
          <day reference="160"/>
          <timeslot reference="129"/>
        </Period>
        <Period id="166">
          <id>29</id>
          <day reference="160"/>
          <timeslot reference="131"/>
        </Period>
        <Period id="167">
          <id>30</id>
          <day reference="160"/>
          <timeslot reference="133"/>
        </Period>
        <Period id="168">
          <id>31</id>
          <day reference="160"/>
          <timeslot reference="135"/>
        </Period>
      </periodList>
    </Day>
  </dayList>
  <timeslotList id="169">
    <Timeslot reference="123"/>
    <Timeslot reference="125"/>
    <Timeslot reference="127"/>
    <Timeslot reference="129"/>
    <Timeslot reference="131"/>
    <Timeslot reference="133"/>
    <Timeslot reference="135"/>
  </timeslotList>
  <periodList id="170">
    <Period reference="122"/>
    <Period reference="124"/>
    <Period reference="126"/>
    <Period reference="128"/>
    <Period reference="130"/>
    <Period reference="132"/>
    <Period reference="134"/>
    <Period reference="138"/>
    <Period reference="139"/>
    <Period reference="140"/>
    <Period reference="141"/>
    <Period reference="142"/>
    <Period reference="143"/>
    <Period reference="144"/>
    <Period reference="147"/>
    <Period reference="148"/>
    <Period reference="149"/>
    <Period reference="150"/>
    <Period reference="153"/>
    <Period reference="154"/>
    <Period reference="155"/>
    <Period reference="156"/>
    <Period reference="157"/>
    <Period reference="158"/>
    <Period reference="159"/>
    <Period reference="162"/>
    <Period reference="163"/>
    <Period reference="164"/>
    <Period reference="165"/>
    <Period reference="166"/>
    <Period reference="167"/>
    <Period reference="168"/>
  </periodList>
  <roomList id="171">
    <Room id="172">
      <id>0</id>
      <code>R1</code>
      <capacity>20</capacity>
    </Room>
    <Room id="173">
      <id>1</id>
      <code>R2</code>
      <capacity>25</capacity>
    </Room>
    <Room id="174">
      <id>2</id>
      <code>R3</code>
      <capacity>40</capacity>
    </Room>
    <Room id="175">
      <id>3</id>
      <code>R4</code>
      <capacity>20</capacity>
    </Room>
    <Room id="176">
      <id>4</id>
      <code>R5</code>
      <capacity>40</capacity>
    </Room>
    <Room id="177">
      <id>5</id>
      <code>R6</code>
      <capacity>25</capacity>
    </Room>
    <Room id="178">
      <id>6</id>
      <code>R7</code>
      <capacity>25</capacity>
    </Room>
    <Room id="179">
      <id>7</id>
      <code>R8</code>
      <capacity>40</capacity>
    </Room>
    <Room id="180">
      <id>8</id>
      <code>R9</code>
      <capacity>40</capacity>
    </Room>
    <Room id="181">
      <id>9</id>
      <code>R10</code>
      <capacity>40</capacity>
    </Room>
    <Room id="182">
      <id>10</id>
      <code>R11</code>
      <capacity>25</capacity>
    </Room>
    <Room id="183">
      <id>11</id>
      <code>R12</code>
      <capacity>30</capacity>
    </Room>
  </roomList>
  <unavailablePeriodPenaltyList id="184">
    <UnavailablePeriodPenalty id="185">
      <id>0</id>
      <course reference="29"/>
      <period reference="159"/>
    </UnavailablePeriodPenalty>
    <UnavailablePeriodPenalty id="186">
      <id>1</id>
      <course reference="31"/>
      <period reference="154"/>
    </UnavailablePeriodPenalty>
    <UnavailablePeriodPenalty id="187">
      <id>2</id>
      <course reference="33"/>
      <period reference="156"/>
    </UnavailablePeriodPenalty>
    <UnavailablePeriodPenalty id="188">
      <id>3</id>
      <course reference="35"/>
      <period reference="147"/>
    </UnavailablePeriodPenalty>
    <UnavailablePeriodPenalty id="189">
      <id>4</id>
      <course reference="37"/>
      <period reference="168"/>
    </UnavailablePeriodPenalty>
    <UnavailablePeriodPenalty id="190">
      <id>5</id>
      <course reference="39"/>
      <period reference="156"/>
    </UnavailablePeriodPenalty>
    <UnavailablePeriodPenalty id="191">
      <id>6</id>
      <course reference="41"/>
      <period reference="153"/>
    </UnavailablePeriodPenalty>
    <UnavailablePeriodPenalty id="192">
      <id>7</id>
      <course reference="43"/>
      <period reference="149"/>
    </UnavailablePeriodPenalty>
    <UnavailablePeriodPenalty id="193">
      <id>8</id>
      <course reference="45"/>
      <period reference="124"/>
    </UnavailablePeriodPenalty>
    <UnavailablePeriodPenalty id="194">
      <id>9</id>
      <course reference="47"/>
      <period reference="134"/>
    </UnavailablePeriodPenalty>
    <UnavailablePeriodPenalty id="195">
      <id>10</id>
      <course reference="49"/>
      <period reference="126"/>
    </UnavailablePeriodPenalty>
    <UnavailablePeriodPenalty id="196">
      <id>11</id>
      <course reference="51"/>
      <period reference="141"/>
    </UnavailablePeriodPenalty>
    <UnavailablePeriodPenalty id="197">
      <id>12</id>
      <course reference="53"/>
      <period reference="167"/>
    </UnavailablePeriodPenalty>
    <UnavailablePeriodPenalty id="198">
      <id>13</id>
      <course reference="55"/>
      <period reference="168"/>
    </UnavailablePeriodPenalty>
    <UnavailablePeriodPenalty id="199">
      <id>14</id>
      <course reference="57"/>
      <period reference="158"/>
    </UnavailablePeriodPenalty>
    <UnavailablePeriodPenalty id="200">
      <id>15</id>
      <course reference="59"/>
      <period reference="158"/>
    </UnavailablePeriodPenalty>
    <UnavailablePeriodPenalty id="201">
      <id>16</id>
      <course reference="61"/>
      <period reference="158"/>
    </UnavailablePeriodPenalty>
    <UnavailablePeriodPenalty id="202">
      <id>17</id>
      <course reference="63"/>
      <period reference="165"/>
    </UnavailablePeriodPenalty>
    <UnavailablePeriodPenalty id="203">
      <id>18</id>
      <course reference="65"/>
      <period reference="148"/>
    </UnavailablePeriodPenalty>
    <UnavailablePeriodPenalty id="204">
      <id>19</id>
      <course reference="67"/>
      <period reference="140"/>
    </UnavailablePeriodPenalty>
    <UnavailablePeriodPenalty id="205">
      <id>20</id>
      <course reference="69"/>
      <period reference="156"/>
    </UnavailablePeriodPenalty>
    <UnavailablePeriodPenalty id="206">
      <id>21</id>
      <course reference="71"/>
      <period reference="150"/>
    </UnavailablePeriodPenalty>
    <UnavailablePeriodPenalty id="207">
      <id>22</id>
      <course reference="73"/>
      <period reference="150"/>
    </UnavailablePeriodPenalty>
    <UnavailablePeriodPenalty id="208">
      <id>23</id>
      <course reference="75"/>
      <period reference="122"/>
    </UnavailablePeriodPenalty>
    <UnavailablePeriodPenalty id="209">
      <id>24</id>
      <course reference="77"/>
      <period reference="154"/>
    </UnavailablePeriodPenalty>
    <UnavailablePeriodPenalty id="210">
      <id>25</id>
      <course reference="79"/>
      <period reference="139"/>
    </UnavailablePeriodPenalty>
    <UnavailablePeriodPenalty id="211">
      <id>26</id>
      <course reference="81"/>
      <period reference="132"/>
    </UnavailablePeriodPenalty>
    <UnavailablePeriodPenalty id="212">
      <id>27</id>
      <course reference="83"/>
      <period reference="140"/>
    </UnavailablePeriodPenalty>
    <UnavailablePeriodPenalty id="213">
      <id>28</id>
      <course reference="85"/>
      <period reference="157"/>
    </UnavailablePeriodPenalty>
    <UnavailablePeriodPenalty id="214">
      <id>29</id>
      <course reference="87"/>
      <period reference="139"/>
    </UnavailablePeriodPenalty>
    <UnavailablePeriodPenalty id="215">
      <id>30</id>
      <course reference="89"/>
      <period reference="162"/>
    </UnavailablePeriodPenalty>
    <UnavailablePeriodPenalty id="216">
      <id>31</id>
      <course reference="91"/>
      <period reference="166"/>
    </UnavailablePeriodPenalty>
    <UnavailablePeriodPenalty id="217">
      <id>32</id>
      <course reference="93"/>
      <period reference="132"/>
    </UnavailablePeriodPenalty>
    <UnavailablePeriodPenalty id="218">
      <id>33</id>
      <course reference="95"/>
      <period reference="163"/>
    </UnavailablePeriodPenalty>
    <UnavailablePeriodPenalty id="219">
      <id>34</id>
      <course reference="97"/>
      <period reference="158"/>
    </UnavailablePeriodPenalty>
    <UnavailablePeriodPenalty id="220">
      <id>35</id>
      <course reference="99"/>
      <period reference="147"/>
    </UnavailablePeriodPenalty>
    <UnavailablePeriodPenalty id="221">
      <id>36</id>
      <course reference="101"/>
      <period reference="164"/>
    </UnavailablePeriodPenalty>
    <UnavailablePeriodPenalty id="222">
      <id>37</id>
      <course reference="103"/>
      <period reference="147"/>
    </UnavailablePeriodPenalty>
    <UnavailablePeriodPenalty id="223">
      <id>38</id>
      <course reference="105"/>
      <period reference="124"/>
    </UnavailablePeriodPenalty>
    <UnavailablePeriodPenalty id="224">
      <id>39</id>
      <course reference="107"/>
      <period reference="138"/>
    </UnavailablePeriodPenalty>
    <UnavailablePeriodPenalty id="225">
      <id>40</id>
      <course reference="109"/>
      <period reference="128"/>
    </UnavailablePeriodPenalty>
    <UnavailablePeriodPenalty id="226">
      <id>41</id>
      <course reference="111"/>
      <period reference="147"/>
    </UnavailablePeriodPenalty>
    <UnavailablePeriodPenalty id="227">
      <id>42</id>
      <course reference="113"/>
      <period reference="124"/>
    </UnavailablePeriodPenalty>
    <UnavailablePeriodPenalty id="228">
      <id>43</id>
      <course reference="115"/>
      <period reference="153"/>
    </UnavailablePeriodPenalty>
    <UnavailablePeriodPenalty id="229">
      <id>44</id>
      <course reference="117"/>
      <period reference="128"/>
    </UnavailablePeriodPenalty>
  </unavailablePeriodPenaltyList>
  <lectureList id="230">
    <Lecture id="231">
      <id>0</id>
      <course reference="29"/>
      <lectureIndexInCourse>0</lectureIndexInCourse>
      <pinned>false</pinned>
    </Lecture>
    <Lecture id="232">
      <id>1</id>
      <course reference="31"/>
      <lectureIndexInCourse>0</lectureIndexInCourse>
      <pinned>false</pinned>
    </Lecture>
    <Lecture id="233">
      <id>2</id>
      <course reference="33"/>
      <lectureIndexInCourse>0</lectureIndexInCourse>
      <pinned>false</pinned>
    </Lecture>
    <Lecture id="234">
      <id>3</id>
      <course reference="35"/>
      <lectureIndexInCourse>0</lectureIndexInCourse>
      <pinned>false</pinned>
    </Lecture>
    <Lecture id="235">
      <id>4</id>
      <course reference="37"/>
      <lectureIndexInCourse>0</lectureIndexInCourse>
      <pinned>false</pinned>
    </Lecture>
    <Lecture id="236">
      <id>5</id>
      <course reference="39"/>
      <lectureIndexInCourse>0</lectureIndexInCourse>
      <pinned>false</pinned>
    </Lecture>
    <Lecture id="237">
      <id>6</id>
      <course reference="41"/>
      <lectureIndexInCourse>0</lectureIndexInCourse>
      <pinned>false</pinned>
    </Lecture>
    <Lecture id="238">
      <id>7</id>
      <course reference="43"/>
      <lectureIndexInCourse>0</lectureIndexInCourse>
      <pinned>false</pinned>
    </Lecture>
    <Lecture id="239">
      <id>8</id>
      <course reference="45"/>
      <lectureIndexInCourse>0</lectureIndexInCourse>
      <pinned>false</pinned>
    </Lecture>
    <Lecture id="240">
      <id>9</id>
      <course reference="47"/>
      <lectureIndexInCourse>0</lectureIndexInCourse>
      <pinned>false</pinned>
    </Lecture>
    <Lecture id="241">
      <id>10</id>
      <course reference="49"/>
      <lectureIndexInCourse>0</lectureIndexInCourse>
      <pinned>false</pinned>
    </Lecture>
    <Lecture id="242">
      <id>11</id>
      <course reference="51"/>
      <lectureIndexInCourse>0</lectureIndexInCourse>
      <pinned>false</pinned>
    </Lecture>
    <Lecture id="243">
      <id>12</id>
      <course reference="53"/>
      <lectureIndexInCourse>0</lectureIndexInCourse>
      <pinned>false</pinned>
    </Lecture>
    <Lecture id="244">
      <id>13</id>
      <course reference="55"/>
      <lectureIndexInCourse>0</lectureIndexInCourse>
      <pinned>false</pinned>
    </Lecture>
    <Lecture id="245">
      <id>14</id>
      <course reference="57"/>
      <lectureIndexInCourse>0</lectureIndexInCourse>
      <pinned>false</pinned>
    </Lecture>
    <Lecture id="246">
      <id>15</id>
      <course reference="59"/>
      <lectureIndexInCourse>0</lectureIndexInCourse>
      <pinned>false</pinned>
    </Lecture>
    <Lecture id="247">
      <id>16</id>
      <course reference="61"/>
      <lectureIndexInCourse>0</lectureIndexInCourse>
      <pinned>false</pinned>
    </Lecture>
    <Lecture id="248">
      <id>17</id>
      <course reference="63"/>
      <lectureIndexInCourse>0</lectureIndexInCourse>
      <pinned>false</pinned>
    </Lecture>
    <Lecture id="249">
      <id>18</id>
      <course reference="65"/>
      <lectureIndexInCourse>0</lectureIndexInCourse>
      <pinned>false</pinned>
    </Lecture>
    <Lecture id="250">
      <id>19</id>
      <course reference="67"/>
      <lectureIndexInCourse>0</lectureIndexInCourse>
      <pinned>false</pinned>
    </Lecture>
    <Lecture id="251">
      <id>20</id>
      <course reference="69"/>
      <lectureIndexInCourse>0</lectureIndexInCourse>
      <pinned>false</pinned>
    </Lecture>
    <Lecture id="252">
      <id>21</id>
      <course reference="71"/>
      <lectureIndexInCourse>0</lectureIndexInCourse>
      <pinned>false</pinned>
    </Lecture>
    <Lecture id="253">
      <id>22</id>
      <course reference="73"/>
      <lectureIndexInCourse>0</lectureIndexInCourse>
      <pinned>false</pinned>
    </Lecture>
    <Lecture id="254">
      <id>23</id>
      <course reference="75"/>
      <lectureIndexInCourse>0</lectureIndexInCourse>
      <pinned>false</pinned>
    </Lecture>
    <Lecture id="255">
      <id>24</id>
      <course reference="77"/>
      <lectureIndexInCourse>0</lectureIndexInCourse>
      <pinned>false</pinned>
    </Lecture>
    <Lecture id="256">
      <id>25</id>
      <course reference="79"/>
      <lectureIndexInCourse>0</lectureIndexInCourse>
      <pinned>false</pinned>
    </Lecture>
    <Lecture id="257">
      <id>26</id>
      <course reference="81"/>
      <lectureIndexInCourse>0</lectureIndexInCourse>
      <pinned>false</pinned>
    </Lecture>
    <Lecture id="258">
      <id>27</id>
      <course reference="83"/>
      <lectureIndexInCourse>0</lectureIndexInCourse>
      <pinned>false</pinned>
    </Lecture>
    <Lecture id="259">
      <id>28</id>
      <course reference="85"/>
      <lectureIndexInCourse>0</lectureIndexInCourse>
      <pinned>false</pinned>
    </Lecture>
    <Lecture id="260">
      <id>29</id>
      <course reference="87"/>
      <lectureIndexInCourse>0</lectureIndexInCourse>
      <pinned>false</pinned>
    </Lecture>
    <Lecture id="261">
      <id>30</id>
      <course reference="89"/>
      <lectureIndexInCourse>0</lectureIndexInCourse>
      <pinned>false</pinned>
    </Lecture>
    <Lecture id="262">
      <id>31</id>
      <course reference="91"/>
      <lectureIndexInCourse>0</lectureIndexInCourse>
      <pinned>false</pinned>
    </Lecture>
    <Lecture id="263">
      <id>32</id>
      <course reference="93"/>
      <lectureIndexInCourse>0</lectureIndexInCourse>
      <pinned>false</pinned>
    </Lecture>
    <Lecture id="264">
      <id>33</id>
      <course reference="95"/>
      <lectureIndexInCourse>0</lectureIndexInCourse>
      <pinned>false</pinned>
    </Lecture>
    <Lecture id="265">
      <id>34</id>
      <course reference="97"/>
      <lectureIndexInCourse>0</lectureIndexInCourse>
      <pinned>false</pinned>
    </Lecture>
    <Lecture id="266">
      <id>35</id>
      <course reference="99"/>
      <lectureIndexInCourse>0</lectureIndexInCourse>
      <pinned>false</pinned>
    </Lecture>
    <Lecture id="267">
      <id>36</id>
      <course reference="101"/>
      <lectureIndexInCourse>0</lectureIndexInCourse>
      <pinned>false</pinned>
    </Lecture>
    <Lecture id="268">
      <id>37</id>
      <course reference="103"/>
      <lectureIndexInCourse>0</lectureIndexInCourse>
      <pinned>false</pinned>
    </Lecture>
    <Lecture id="269">
      <id>38</id>
      <course reference="105"/>
      <lectureIndexInCourse>0</lectureIndexInCourse>
      <pinned>false</pinned>
    </Lecture>
    <Lecture id="270">
      <id>39</id>
      <course reference="107"/>
      <lectureIndexInCourse>0</lectureIndexInCourse>
      <pinned>false</pinned>
    </Lecture>
    <Lecture id="271">
      <id>40</id>
      <course reference="109"/>
      <lectureIndexInCourse>0</lectureIndexInCourse>
      <pinned>false</pinned>
    </Lecture>
    <Lecture id="272">
      <id>41</id>
      <course reference="111"/>
      <lectureIndexInCourse>0</lectureIndexInCourse>
      <pinned>false</pinned>
    </Lecture>
    <Lecture id="273">
      <id>42</id>
      <course reference="113"/>
      <lectureIndexInCourse>0</lectureIndexInCourse>
      <pinned>false</pinned>
    </Lecture>
    <Lecture id="274">
      <id>43</id>
      <course reference="115"/>
      <lectureIndexInCourse>0</lectureIndexInCourse>
      <pinned>false</pinned>
    </Lecture>
    <Lecture id="275">
      <id>44</id>
      <course reference="117"/>
      <lectureIndexInCourse>0</lectureIndexInCourse>
      <pinned>false</pinned>
    </Lecture>
    <Lecture id="276">
      <id>45</id>
      <course reference="29"/>
      <lectureIndexInCourse>1</lectureIndexInCourse>
      <pinned>false</pinned>
    </Lecture>
    <Lecture id="277">
      <id>46</id>
      <course reference="31"/>
      <lectureIndexInCourse>1</lectureIndexInCourse>
      <pinned>false</pinned>
    </Lecture>
    <Lecture id="278">
      <id>47</id>
      <course reference="33"/>
      <lectureIndexInCourse>1</lectureIndexInCourse>
      <pinned>false</pinned>
    </Lecture>
    <Lecture id="279">
      <id>48</id>
      <course reference="35"/>
      <lectureIndexInCourse>1</lectureIndexInCourse>
      <pinned>false</pinned>
    </Lecture>
    <Lecture id="280">
      <id>49</id>
      <course reference="37"/>
      <lectureIndexInCourse>1</lectureIndexInCourse>
      <pinned>false</pinned>
    </Lecture>
    <Lecture id="281">
      <id>50</id>
      <course reference="39"/>
      <lectureIndexInCourse>1</lectureIndexInCourse>
      <pinned>false</pinned>
    </Lecture>
    <Lecture id="282">
      <id>51</id>
      <course reference="41"/>
      <lectureIndexInCourse>1</lectureIndexInCourse>
      <pinned>false</pinned>
    </Lecture>
    <Lecture id="283">
      <id>52</id>
      <course reference="43"/>
      <lectureIndexInCourse>1</lectureIndexInCourse>
      <pinned>false</pinned>
    </Lecture>
    <Lecture id="284">
      <id>53</id>
      <course reference="45"/>
      <lectureIndexInCourse>1</lectureIndexInCourse>
      <pinned>false</pinned>
    </Lecture>
    <Lecture id="285">
      <id>54</id>
      <course reference="47"/>
      <lectureIndexInCourse>1</lectureIndexInCourse>
      <pinned>false</pinned>
    </Lecture>
    <Lecture id="286">
      <id>55</id>
      <course reference="49"/>
      <lectureIndexInCourse>1</lectureIndexInCourse>
      <pinned>false</pinned>
    </Lecture>
    <Lecture id="287">
      <id>56</id>
      <course reference="51"/>
      <lectureIndexInCourse>1</lectureIndexInCourse>
      <pinned>false</pinned>
    </Lecture>
    <Lecture id="288">
      <id>57</id>
      <course reference="53"/>
      <lectureIndexInCourse>1</lectureIndexInCourse>
      <pinned>false</pinned>
    </Lecture>
    <Lecture id="289">
      <id>58</id>
      <course reference="55"/>
      <lectureIndexInCourse>1</lectureIndexInCourse>
      <pinned>false</pinned>
    </Lecture>
    <Lecture id="290">
      <id>59</id>
      <course reference="57"/>
      <lectureIndexInCourse>1</lectureIndexInCourse>
      <pinned>false</pinned>
    </Lecture>
    <Lecture id="291">
      <id>60</id>
      <course reference="59"/>
      <lectureIndexInCourse>1</lectureIndexInCourse>
      <pinned>false</pinned>
    </Lecture>
    <Lecture id="292">
      <id>61</id>
      <course reference="61"/>
      <lectureIndexInCourse>1</lectureIndexInCourse>
      <pinned>false</pinned>
    </Lecture>
    <Lecture id="293">
      <id>62</id>
      <course reference="63"/>
      <lectureIndexInCourse>1</lectureIndexInCourse>
      <pinned>false</pinned>
    </Lecture>
    <Lecture id="294">
      <id>63</id>
      <course reference="65"/>
      <lectureIndexInCourse>1</lectureIndexInCourse>
      <pinned>false</pinned>
    </Lecture>
    <Lecture id="295">
      <id>64</id>
      <course reference="67"/>
      <lectureIndexInCourse>1</lectureIndexInCourse>
      <pinned>false</pinned>
    </Lecture>
    <Lecture id="296">
      <id>65</id>
      <course reference="69"/>
      <lectureIndexInCourse>1</lectureIndexInCourse>
      <pinned>false</pinned>
    </Lecture>
    <Lecture id="297">
      <id>66</id>
      <course reference="71"/>
      <lectureIndexInCourse>1</lectureIndexInCourse>
      <pinned>false</pinned>
    </Lecture>
    <Lecture id="298">
      <id>67</id>
      <course reference="73"/>
      <lectureIndexInCourse>1</lectureIndexInCourse>
      <pinned>false</pinned>
    </Lecture>
    <Lecture id="299">
      <id>68</id>
      <course reference="75"/>
      <lectureIndexInCourse>1</lectureIndexInCourse>
      <pinned>false</pinned>
    </Lecture>
    <Lecture id="300">
      <id>69</id>
      <course reference="77"/>
      <lectureIndexInCourse>1</lectureIndexInCourse>
      <pinned>false</pinned>
    </Lecture>
    <Lecture id="301">
      <id>70</id>
      <course reference="79"/>
      <lectureIndexInCourse>1</lectureIndexInCourse>
      <pinned>false</pinned>
    </Lecture>
    <Lecture id="302">
      <id>71</id>
      <course reference="81"/>
      <lectureIndexInCourse>1</lectureIndexInCourse>
      <pinned>false</pinned>
    </Lecture>
    <Lecture id="303">
      <id>72</id>
      <course reference="83"/>
      <lectureIndexInCourse>1</lectureIndexInCourse>
      <pinned>false</pinned>
    </Lecture>
    <Lecture id="304">
      <id>73</id>
      <course reference="85"/>
      <lectureIndexInCourse>1</lectureIndexInCourse>
      <pinned>false</pinned>
    </Lecture>
    <Lecture id="305">
      <id>74</id>
      <course reference="87"/>
      <lectureIndexInCourse>1</lectureIndexInCourse>
      <pinned>false</pinned>
    </Lecture>
    <Lecture id="306">
      <id>75</id>
      <course reference="89"/>
      <lectureIndexInCourse>1</lectureIndexInCourse>
      <pinned>false</pinned>
    </Lecture>
    <Lecture id="307">
      <id>76</id>
      <course reference="91"/>
      <lectureIndexInCourse>1</lectureIndexInCourse>
      <pinned>false</pinned>
    </Lecture>
    <Lecture id="308">
      <id>77</id>
      <course reference="93"/>
      <lectureIndexInCourse>1</lectureIndexInCourse>
      <pinned>false</pinned>
    </Lecture>
    <Lecture id="309">
      <id>78</id>
      <course reference="95"/>
      <lectureIndexInCourse>1</lectureIndexInCourse>
      <pinned>false</pinned>
    </Lecture>
    <Lecture id="310">
      <id>79</id>
      <course reference="97"/>
      <lectureIndexInCourse>1</lectureIndexInCourse>
      <pinned>false</pinned>
    </Lecture>
    <Lecture id="311">
      <id>80</id>
      <course reference="99"/>
      <lectureIndexInCourse>1</lectureIndexInCourse>
      <pinned>false</pinned>
    </Lecture>
    <Lecture id="312">
      <id>81</id>
      <course reference="101"/>
      <lectureIndexInCourse>1</lectureIndexInCourse>
      <pinned>false</pinned>
    </Lecture>
    <Lecture id="313">
      <id>82</id>
      <course reference="103"/>
      <lectureIndexInCourse>1</lectureIndexInCourse>
      <pinned>false</pinned>
    </Lecture>
    <Lecture id="314">
      <id>83</id>
      <course reference="105"/>
      <lectureIndexInCourse>1</lectureIndexInCourse>
      <pinned>false</pinned>
    </Lecture>
    <Lecture id="315">
      <id>84</id>
      <course reference="107"/>
      <lectureIndexInCourse>1</lectureIndexInCourse>
      <pinned>false</pinned>
    </Lecture>
    <Lecture id="316">
      <id>85</id>
      <course reference="109"/>
      <lectureIndexInCourse>1</lectureIndexInCourse>
      <pinned>false</pinned>
    </Lecture>
    <Lecture id="317">
      <id>86</id>
      <course reference="111"/>
      <lectureIndexInCourse>1</lectureIndexInCourse>
      <pinned>false</pinned>
    </Lecture>
    <Lecture id="318">
      <id>87</id>
      <course reference="113"/>
      <lectureIndexInCourse>1</lectureIndexInCourse>
      <pinned>false</pinned>
    </Lecture>
    <Lecture id="319">
      <id>88</id>
      <course reference="115"/>
      <lectureIndexInCourse>1</lectureIndexInCourse>
      <pinned>false</pinned>
    </Lecture>
    <Lecture id="320">
      <id>89</id>
      <course reference="117"/>
      <lectureIndexInCourse>1</lectureIndexInCourse>
      <pinned>false</pinned>
    </Lecture>
    <Lecture id="321">
      <id>90</id>
      <course reference="41"/>
      <lectureIndexInCourse>2</lectureIndexInCourse>
      <pinned>false</pinned>
    </Lecture>
    <Lecture id="322">
      <id>91</id>
      <course reference="39"/>
      <lectureIndexInCourse>2</lectureIndexInCourse>
      <pinned>false</pinned>
    </Lecture>
    <Lecture id="323">
      <id>92</id>
      <course reference="101"/>
      <lectureIndexInCourse>2</lectureIndexInCourse>
      <pinned>false</pinned>
    </Lecture>
    <Lecture id="324">
      <id>93</id>
      <course reference="103"/>
      <lectureIndexInCourse>2</lectureIndexInCourse>
      <pinned>false</pinned>
    </Lecture>
    <Lecture id="325">
      <id>94</id>
      <course reference="59"/>
      <lectureIndexInCourse>2</lectureIndexInCourse>
      <pinned>false</pinned>
    </Lecture>
    <Lecture id="326">
      <id>95</id>
      <course reference="71"/>
      <lectureIndexInCourse>2</lectureIndexInCourse>
      <pinned>false</pinned>
    </Lecture>
    <Lecture id="327">
      <id>96</id>
      <course reference="63"/>
      <lectureIndexInCourse>2</lectureIndexInCourse>
      <pinned>false</pinned>
    </Lecture>
    <Lecture id="328">
      <id>97</id>
      <course reference="53"/>
      <lectureIndexInCourse>2</lectureIndexInCourse>
      <pinned>false</pinned>
    </Lecture>
    <Lecture id="329">
      <id>98</id>
      <course reference="65"/>
      <lectureIndexInCourse>2</lectureIndexInCourse>
      <pinned>false</pinned>
    </Lecture>
    <Lecture id="330">
      <id>99</id>
      <course reference="57"/>
      <lectureIndexInCourse>2</lectureIndexInCourse>
      <pinned>false</pinned>
    </Lecture>
    <Lecture id="331">
      <id>100</id>
      <course reference="63"/>
      <lectureIndexInCourse>3</lectureIndexInCourse>
      <pinned>false</pinned>
    </Lecture>
    <Lecture id="332">
      <id>101</id>
      <course reference="49"/>
      <lectureIndexInCourse>2</lectureIndexInCourse>
      <pinned>false</pinned>
    </Lecture>
    <Lecture id="333">
      <id>102</id>
      <course reference="91"/>
      <lectureIndexInCourse>2</lectureIndexInCourse>
      <pinned>false</pinned>
    </Lecture>
    <Lecture id="334">
      <id>103</id>
      <course reference="57"/>
      <lectureIndexInCourse>3</lectureIndexInCourse>
      <pinned>false</pinned>
    </Lecture>
    <Lecture id="335">
      <id>104</id>
      <course reference="99"/>
      <lectureIndexInCourse>2</lectureIndexInCourse>
      <pinned>false</pinned>
    </Lecture>
    <Lecture id="336">
      <id>105</id>
      <course reference="87"/>
      <lectureIndexInCourse>2</lectureIndexInCourse>
      <pinned>false</pinned>
    </Lecture>
    <Lecture id="337">
      <id>106</id>
      <course reference="53"/>
      <lectureIndexInCourse>3</lectureIndexInCourse>
      <pinned>false</pinned>
    </Lecture>
    <Lecture id="338">
      <id>107</id>
      <course reference="95"/>
      <lectureIndexInCourse>2</lectureIndexInCourse>
      <pinned>false</pinned>
    </Lecture>
    <Lecture id="339">
      <id>108</id>
      <course reference="51"/>
      <lectureIndexInCourse>2</lectureIndexInCourse>
      <pinned>false</pinned>
    </Lecture>
    <Lecture id="340">
      <id>109</id>
      <course reference="107"/>
      <lectureIndexInCourse>2</lectureIndexInCourse>
      <pinned>false</pinned>
    </Lecture>
    <Lecture id="341">
      <id>110</id>
      <course reference="67"/>
      <lectureIndexInCourse>2</lectureIndexInCourse>
      <pinned>false</pinned>
    </Lecture>
    <Lecture id="342">
      <id>111</id>
      <course reference="29"/>
      <lectureIndexInCourse>2</lectureIndexInCourse>
      <pinned>false</pinned>
    </Lecture>
    <Lecture id="343">
      <id>112</id>
      <course reference="95"/>
      <lectureIndexInCourse>3</lectureIndexInCourse>
      <pinned>false</pinned>
    </Lecture>
    <Lecture id="344">
      <id>113</id>
      <course reference="89"/>
      <lectureIndexInCourse>2</lectureIndexInCourse>
      <pinned>false</pinned>
    </Lecture>
    <Lecture id="345">
      <id>114</id>
      <course reference="77"/>
      <lectureIndexInCourse>2</lectureIndexInCourse>
      <pinned>false</pinned>
    </Lecture>
    <Lecture id="346">
      <id>115</id>
      <course reference="73"/>
      <lectureIndexInCourse>2</lectureIndexInCourse>
      <pinned>false</pinned>
    </Lecture>
    <Lecture id="347">
      <id>116</id>
      <course reference="49"/>
      <lectureIndexInCourse>3</lectureIndexInCourse>
      <pinned>false</pinned>
    </Lecture>
    <Lecture id="348">
      <id>117</id>
      <course reference="105"/>
      <lectureIndexInCourse>2</lectureIndexInCourse>
      <pinned>false</pinned>
    </Lecture>
    <Lecture id="349">
      <id>118</id>
      <course reference="97"/>
      <lectureIndexInCourse>2</lectureIndexInCourse>
      <pinned>false</pinned>
    </Lecture>
    <Lecture id="350">
      <id>119</id>
      <course reference="79"/>
      <lectureIndexInCourse>2</lectureIndexInCourse>
      <pinned>false</pinned>
    </Lecture>
    <Lecture id="351">
      <id>120</id>
      <course reference="109"/>
      <lectureIndexInCourse>2</lectureIndexInCourse>
      <pinned>false</pinned>
    </Lecture>
    <Lecture id="352">
      <id>121</id>
      <course reference="51"/>
      <lectureIndexInCourse>3</lectureIndexInCourse>
      <pinned>false</pinned>
    </Lecture>
    <Lecture id="353">
      <id>122</id>
      <course reference="47"/>
      <lectureIndexInCourse>2</lectureIndexInCourse>
      <pinned>false</pinned>
    </Lecture>
    <Lecture id="354">
      <id>123</id>
      <course reference="113"/>
      <lectureIndexInCourse>2</lectureIndexInCourse>
      <pinned>false</pinned>
    </Lecture>
    <Lecture id="355">
      <id>124</id>
      <course reference="51"/>
      <lectureIndexInCourse>4</lectureIndexInCourse>
      <pinned>false</pinned>
    </Lecture>
    <Lecture id="356">
      <id>125</id>
      <course reference="91"/>
      <lectureIndexInCourse>3</lectureIndexInCourse>
      <pinned>false</pinned>
    </Lecture>
    <Lecture id="357">
      <id>126</id>
      <course reference="53"/>
      <lectureIndexInCourse>4</lectureIndexInCourse>
      <pinned>false</pinned>
    </Lecture>
    <Lecture id="358">
      <id>127</id>
      <course reference="87"/>
      <lectureIndexInCourse>3</lectureIndexInCourse>
      <pinned>false</pinned>
    </Lecture>
    <Lecture id="359">
      <id>128</id>
      <course reference="31"/>
      <lectureIndexInCourse>2</lectureIndexInCourse>
      <pinned>false</pinned>
    </Lecture>
    <Lecture id="360">
      <id>129</id>
      <course reference="105"/>
      <lectureIndexInCourse>3</lectureIndexInCourse>
      <pinned>false</pinned>
    </Lecture>
    <Lecture id="361">
      <id>130</id>
      <course reference="73"/>
      <lectureIndexInCourse>3</lectureIndexInCourse>
      <pinned>false</pinned>
    </Lecture>
    <Lecture id="362">
      <id>131</id>
      <course reference="99"/>
      <lectureIndexInCourse>3</lectureIndexInCourse>
      <pinned>false</pinned>
    </Lecture>
    <Lecture id="363">
      <id>132</id>
      <course reference="71"/>
      <lectureIndexInCourse>3</lectureIndexInCourse>
      <pinned>false</pinned>
    </Lecture>
    <Lecture id="364">
      <id>133</id>
      <course reference="93"/>
      <lectureIndexInCourse>2</lectureIndexInCourse>
      <pinned>false</pinned>
    </Lecture>
    <Lecture id="365">
      <id>134</id>
      <course reference="53"/>
      <lectureIndexInCourse>5</lectureIndexInCourse>
      <pinned>false</pinned>
    </Lecture>
    <Lecture id="366">
      <id>135</id>
      <course reference="93"/>
      <lectureIndexInCourse>3</lectureIndexInCourse>
      <pinned>false</pinned>
    </Lecture>
    <Lecture id="367">
      <id>136</id>
      <course reference="113"/>
      <lectureIndexInCourse>3</lectureIndexInCourse>
      <pinned>false</pinned>
    </Lecture>
    <Lecture id="368">
      <id>137</id>
      <course reference="65"/>
      <lectureIndexInCourse>3</lectureIndexInCourse>
      <pinned>false</pinned>
    </Lecture>
    <Lecture id="369">
      <id>138</id>
      <course reference="93"/>
      <lectureIndexInCourse>4</lectureIndexInCourse>
      <pinned>false</pinned>
    </Lecture>
    <Lecture id="370">
      <id>139</id>
      <course reference="71"/>
      <lectureIndexInCourse>4</lectureIndexInCourse>
      <pinned>false</pinned>
    </Lecture>
    <Lecture id="371">
      <id>140</id>
      <course reference="89"/>
      <lectureIndexInCourse>3</lectureIndexInCourse>
      <pinned>false</pinned>
    </Lecture>
    <Lecture id="372">
      <id>141</id>
      <course reference="97"/>
      <lectureIndexInCourse>3</lectureIndexInCourse>
      <pinned>false</pinned>
    </Lecture>
    <Lecture id="373">
      <id>142</id>
      <course reference="43"/>
      <lectureIndexInCourse>2</lectureIndexInCourse>
      <pinned>false</pinned>
    </Lecture>
    <Lecture id="374">
      <id>143</id>
      <course reference="77"/>
      <lectureIndexInCourse>3</lectureIndexInCourse>
      <pinned>false</pinned>
    </Lecture>
    <Lecture id="375">
      <id>144</id>
      <course reference="89"/>
      <lectureIndexInCourse>4</lectureIndexInCourse>
      <pinned>false</pinned>
    </Lecture>
    <Lecture id="376">
      <id>145</id>
      <course reference="35"/>
      <lectureIndexInCourse>2</lectureIndexInCourse>
      <pinned>false</pinned>
    </Lecture>
    <Lecture id="377">
      <id>146</id>
      <course reference="29"/>
      <lectureIndexInCourse>3</lectureIndexInCourse>
      <pinned>false</pinned>
    </Lecture>
    <Lecture id="378">
      <id>147</id>
      <course reference="77"/>
      <lectureIndexInCourse>4</lectureIndexInCourse>
      <pinned>false</pinned>
    </Lecture>
    <Lecture id="379">
      <id>148</id>
      <course reference="117"/>
      <lectureIndexInCourse>2</lectureIndexInCourse>
      <pinned>false</pinned>
    </Lecture>
    <Lecture id="380">
      <id>149</id>
      <course reference="61"/>
      <lectureIndexInCourse>2</lectureIndexInCourse>
      <pinned>false</pinned>
    </Lecture>
    <Lecture id="381">
      <id>150</id>
      <course reference="111"/>
      <lectureIndexInCourse>2</lectureIndexInCourse>
      <pinned>false</pinned>
    </Lecture>
    <Lecture id="382">
      <id>151</id>
      <course reference="39"/>
      <lectureIndexInCourse>3</lectureIndexInCourse>
      <pinned>false</pinned>
    </Lecture>
    <Lecture id="383">
      <id>152</id>
      <course reference="35"/>
      <lectureIndexInCourse>3</lectureIndexInCourse>
      <pinned>false</pinned>
    </Lecture>
    <Lecture id="384">
      <id>153</id>
      <course reference="107"/>
      <lectureIndexInCourse>3</lectureIndexInCourse>
      <pinned>false</pinned>
    </Lecture>
    <Lecture id="385">
      <id>154</id>
      <course reference="71"/>
      <lectureIndexInCourse>5</lectureIndexInCourse>
      <pinned>false</pinned>
    </Lecture>
    <Lecture id="386">
      <id>155</id>
      <course reference="73"/>
      <lectureIndexInCourse>4</lectureIndexInCourse>
      <pinned>false</pinned>
    </Lecture>
    <Lecture id="387">
      <id>156</id>
      <course reference="63"/>
      <lectureIndexInCourse>4</lectureIndexInCourse>
      <pinned>false</pinned>
    </Lecture>
    <Lecture id="388">
      <id>157</id>
      <course reference="51"/>
      <lectureIndexInCourse>5</lectureIndexInCourse>
      <pinned>false</pinned>
    </Lecture>
    <Lecture id="389">
      <id>158</id>
      <course reference="71"/>
      <lectureIndexInCourse>6</lectureIndexInCourse>
      <pinned>false</pinned>
    </Lecture>
    <Lecture id="390">
      <id>159</id>
      <course reference="63"/>
      <lectureIndexInCourse>5</lectureIndexInCourse>
      <pinned>false</pinned>
    </Lecture>
    <Lecture id="391">
      <id>160</id>
      <course reference="31"/>
      <lectureIndexInCourse>3</lectureIndexInCourse>
      <pinned>false</pinned>
    </Lecture>
    <Lecture id="392">
      <id>161</id>
      <course reference="97"/>
      <lectureIndexInCourse>4</lectureIndexInCourse>
      <pinned>false</pinned>
    </Lecture>
    <Lecture id="393">
      <id>162</id>
      <course reference="65"/>
      <lectureIndexInCourse>4</lectureIndexInCourse>
      <pinned>false</pinned>
    </Lecture>
    <Lecture id="394">
      <id>163</id>
      <course reference="51"/>
      <lectureIndexInCourse>6</lectureIndexInCourse>
      <pinned>false</pinned>
    </Lecture>
    <Lecture id="395">
      <id>164</id>
      <course reference="33"/>
      <lectureIndexInCourse>2</lectureIndexInCourse>
      <pinned>false</pinned>
    </Lecture>
    <Lecture id="396">
      <id>165</id>
      <course reference="93"/>
      <lectureIndexInCourse>5</lectureIndexInCourse>
      <pinned>false</pinned>
    </Lecture>
    <Lecture id="397">
      <id>166</id>
      <course reference="95"/>
      <lectureIndexInCourse>4</lectureIndexInCourse>
      <pinned>false</pinned>
    </Lecture>
    <Lecture id="398">
      <id>167</id>
      <course reference="101"/>
      <lectureIndexInCourse>3</lectureIndexInCourse>
      <pinned>false</pinned>
    </Lecture>
    <Lecture id="399">
      <id>168</id>
      <course reference="97"/>
      <lectureIndexInCourse>5</lectureIndexInCourse>
      <pinned>false</pinned>
    </Lecture>
    <Lecture id="400">
      <id>169</id>
      <course reference="69"/>
      <lectureIndexInCourse>2</lectureIndexInCourse>
      <pinned>false</pinned>
    </Lecture>
    <Lecture id="401">
      <id>170</id>
      <course reference="79"/>
      <lectureIndexInCourse>3</lectureIndexInCourse>
      <pinned>false</pinned>
    </Lecture>
    <Lecture id="402">
      <id>171</id>
      <course reference="75"/>
      <lectureIndexInCourse>2</lectureIndexInCourse>
      <pinned>false</pinned>
    </Lecture>
    <Lecture id="403">
      <id>172</id>
      <course reference="117"/>
      <lectureIndexInCourse>3</lectureIndexInCourse>
      <pinned>false</pinned>
    </Lecture>
    <Lecture id="404">
      <id>173</id>
      <course reference="73"/>
      <lectureIndexInCourse>5</lectureIndexInCourse>
      <pinned>false</pinned>
    </Lecture>
    <Lecture id="405">
      <id>174</id>
      <course reference="101"/>
      <lectureIndexInCourse>4</lectureIndexInCourse>
      <pinned>false</pinned>
    </Lecture>
    <Lecture id="406">
      <id>175</id>
      <course reference="77"/>
      <lectureIndexInCourse>5</lectureIndexInCourse>
      <pinned>false</pinned>
    </Lecture>
    <Lecture id="407">
      <id>176</id>
      <course reference="31"/>
      <lectureIndexInCourse>4</lectureIndexInCourse>
      <pinned>false</pinned>
    </Lecture>
    <Lecture id="408">
      <id>177</id>
      <course reference="101"/>
      <lectureIndexInCourse>5</lectureIndexInCourse>
      <pinned>false</pinned>
    </Lecture>
    <Lecture id="409">
      <id>178</id>
      <course reference="69"/>
      <lectureIndexInCourse>3</lectureIndexInCourse>
      <pinned>false</pinned>
    </Lecture>
    <Lecture id="410">
      <id>179</id>
      <course reference="69"/>
      <lectureIndexInCourse>4</lectureIndexInCourse>
      <pinned>false</pinned>
    </Lecture>
    <Lecture id="411">
      <id>180</id>
      <course reference="91"/>
      <lectureIndexInCourse>4</lectureIndexInCourse>
      <pinned>false</pinned>
    </Lecture>
    <Lecture id="412">
      <id>181</id>
      <course reference="111"/>
      <lectureIndexInCourse>3</lectureIndexInCourse>
      <pinned>false</pinned>
    </Lecture>
    <Lecture id="413">
      <id>182</id>
      <course reference="101"/>
      <lectureIndexInCourse>6</lectureIndexInCourse>
      <pinned>false</pinned>
    </Lecture>
    <Lecture id="414">
      <id>183</id>
      <course reference="107"/>
      <lectureIndexInCourse>4</lectureIndexInCourse>
      <pinned>false</pinned>
    </Lecture>
    <Lecture id="415">
      <id>184</id>
      <course reference="91"/>
      <lectureIndexInCourse>5</lectureIndexInCourse>
      <pinned>false</pinned>
    </Lecture>
    <Lecture id="416">
      <id>185</id>
      <course reference="103"/>
      <lectureIndexInCourse>3</lectureIndexInCourse>
      <pinned>false</pinned>
    </Lecture>
    <Lecture id="417">
      <id>186</id>
      <course reference="111"/>
      <lectureIndexInCourse>4</lectureIndexInCourse>
      <pinned>false</pinned>
    </Lecture>
    <Lecture id="418">
      <id>187</id>
      <course reference="95"/>
      <lectureIndexInCourse>5</lectureIndexInCourse>
      <pinned>false</pinned>
    </Lecture>
    <Lecture id="419">
      <id>188</id>
      <course reference="99"/>
      <lectureIndexInCourse>4</lectureIndexInCourse>
      <pinned>false</pinned>
    </Lecture>
    <Lecture id="420">
      <id>189</id>
      <course reference="31"/>
      <lectureIndexInCourse>5</lectureIndexInCourse>
      <pinned>false</pinned>
    </Lecture>
    <Lecture id="421">
      <id>190</id>
      <course reference="69"/>
      <lectureIndexInCourse>5</lectureIndexInCourse>
      <pinned>false</pinned>
    </Lecture>
    <Lecture id="422">
      <id>191</id>
      <course reference="47"/>
      <lectureIndexInCourse>3</lectureIndexInCourse>
      <pinned>false</pinned>
    </Lecture>
    <Lecture id="423">
      <id>192</id>
      <course reference="33"/>
      <lectureIndexInCourse>3</lectureIndexInCourse>
      <pinned>false</pinned>
    </Lecture>
    <Lecture id="424">
      <id>193</id>
      <course reference="99"/>
      <lectureIndexInCourse>5</lectureIndexInCourse>
      <pinned>false</pinned>
    </Lecture>
    <Lecture id="425">
      <id>194</id>
      <course reference="31"/>
      <lectureIndexInCourse>6</lectureIndexInCourse>
      <pinned>false</pinned>
    </Lecture>
    <Lecture id="426">
      <id>195</id>
      <course reference="33"/>
      <lectureIndexInCourse>4</lectureIndexInCourse>
      <pinned>false</pinned>
    </Lecture>
    <Lecture id="427">
      <id>196</id>
      <course reference="57"/>
      <lectureIndexInCourse>4</lectureIndexInCourse>
      <pinned>false</pinned>
    </Lecture>
    <Lecture id="428">
      <id>197</id>
      <course reference="77"/>
      <lectureIndexInCourse>6</lectureIndexInCourse>
      <pinned>false</pinned>
    </Lecture>
    <Lecture id="429">
      <id>198</id>
      <course reference="85"/>
      <lectureIndexInCourse>2</lectureIndexInCourse>
      <pinned>false</pinned>
    </Lecture>
    <Lecture id="430">
      <id>199</id>
      <course reference="87"/>
      <lectureIndexInCourse>4</lectureIndexInCourse>
      <pinned>false</pinned>
    </Lecture>
  </lectureList>
</CourseSchedule>
