<CourseSchedule id="1">
  <id>0</id>
  <name>Fis0506-2</name>
  <teacherList id="2">
    <Teacher id="3">
      <id>20</id>
      <code>t020</code>
    </Teacher>
    <Teacher id="4">
      <id>2</id>
      <code>t002</code>
    </Teacher>
    <Teacher id="5">
      <id>21</id>
      <code>t021</code>
    </Teacher>
    <Teacher id="6">
      <id>3</id>
      <code>t003</code>
    </Teacher>
    <Teacher id="7">
      <id>0</id>
      <code>t000</code>
    </Teacher>
    <Teacher id="8">
      <id>1</id>
      <code>t001</code>
    </Teacher>
    <Teacher id="9">
      <id>10</id>
      <code>t010</code>
    </Teacher>
    <Teacher id="10">
      <id>11</id>
      <code>t011</code>
    </Teacher>
    <Teacher id="11">
      <id>12</id>
      <code>t012</code>
    </Teacher>
    <Teacher id="12">
      <id>22</id>
      <code>t022</code>
    </Teacher>
    <Teacher id="13">
      <id>13</id>
      <code>t013</code>
    </Teacher>
    <Teacher id="14">
      <id>23</id>
      <code>t023</code>
    </Teacher>
    <Teacher id="15">
      <id>14</id>
      <code>t014</code>
    </Teacher>
    <Teacher id="16">
      <id>18</id>
      <code>t018</code>
    </Teacher>
    <Teacher id="17">
      <id>5</id>
      <code>t005</code>
    </Teacher>
    <Teacher id="18">
      <id>17</id>
      <code>t017</code>
    </Teacher>
    <Teacher id="19">
      <id>4</id>
      <code>t004</code>
    </Teacher>
    <Teacher id="20">
      <id>16</id>
      <code>t016</code>
    </Teacher>
    <Teacher id="21">
      <id>7</id>
      <code>t007</code>
    </Teacher>
    <Teacher id="22">
      <id>15</id>
      <code>t015</code>
    </Teacher>
    <Teacher id="23">
      <id>6</id>
      <code>t006</code>
    </Teacher>
    <Teacher id="24">
      <id>9</id>
      <code>t009</code>
    </Teacher>
    <Teacher id="25">
      <id>8</id>
      <code>t008</code>
    </Teacher>
    <Teacher id="26">
      <id>19</id>
      <code>t019</code>
    </Teacher>
  </teacherList>
  <curriculumList id="27">
    <Curriculum id="28">
      <id>0</id>
      <code>q000</code>
    </Curriculum>
    <Curriculum id="29">
      <id>1</id>
      <code>q001</code>
    </Curriculum>
    <Curriculum id="30">
      <id>2</id>
      <code>q002</code>
    </Curriculum>
    <Curriculum id="31">
      <id>3</id>
      <code>q003</code>
    </Curriculum>
    <Curriculum id="32">
      <id>4</id>
      <code>q004</code>
    </Curriculum>
    <Curriculum id="33">
      <id>5</id>
      <code>q005</code>
    </Curriculum>
    <Curriculum id="34">
      <id>6</id>
      <code>q006</code>
    </Curriculum>
    <Curriculum id="35">
      <id>7</id>
      <code>q007</code>
    </Curriculum>
    <Curriculum id="36">
      <id>8</id>
      <code>q008</code>
    </Curriculum>
    <Curriculum id="37">
      <id>9</id>
      <code>q009</code>
    </Curriculum>
    <Curriculum id="38">
      <id>10</id>
      <code>q010</code>
    </Curriculum>
    <Curriculum id="39">
      <id>11</id>
      <code>q011</code>
    </Curriculum>
    <Curriculum id="40">
      <id>12</id>
      <code>q012</code>
    </Curriculum>
  </curriculumList>
  <courseList id="41">
    <Course id="42">
      <id>0</id>
      <code>c0006</code>
      <teacher reference="7"/>
      <lectureSize>2</lectureSize>
      <minWorkingDaySize>2</minWorkingDaySize>
      <curriculumList id="43">
        <Curriculum reference="28"/>
      </curriculumList>
      <studentSize>75</studentSize>
    </Course>
    <Course id="44">
      <id>1</id>
      <code>c0007</code>
      <teacher reference="8"/>
      <lectureSize>2</lectureSize>
      <minWorkingDaySize>2</minWorkingDaySize>
      <curriculumList id="45">
        <Curriculum reference="28"/>
      </curriculumList>
      <studentSize>75</studentSize>
    </Course>
    <Course id="46">
      <id>2</id>
      <code>c0008</code>
      <teacher reference="4"/>
      <lectureSize>9</lectureSize>
      <minWorkingDaySize>2</minWorkingDaySize>
      <curriculumList id="47">
        <Curriculum reference="28"/>
      </curriculumList>
      <studentSize>75</studentSize>
    </Course>
    <Course id="48">
      <id>3</id>
      <code>c0009</code>
      <teacher reference="6"/>
      <lectureSize>7</lectureSize>
      <minWorkingDaySize>2</minWorkingDaySize>
      <curriculumList id="49">
        <Curriculum reference="28"/>
      </curriculumList>
      <studentSize>75</studentSize>
    </Course>
    <Course id="50">
      <id>4</id>
      <code>c0017</code>
      <teacher reference="19"/>
      <lectureSize>3</lectureSize>
      <minWorkingDaySize>3</minWorkingDaySize>
      <curriculumList id="51">
        <Curriculum reference="29"/>
      </curriculumList>
      <studentSize>65</studentSize>
    </Course>
    <Course id="52">
      <id>5</id>
      <code>c0018</code>
      <teacher reference="17"/>
      <lectureSize>9</lectureSize>
      <minWorkingDaySize>2</minWorkingDaySize>
      <curriculumList id="53">
        <Curriculum reference="29"/>
      </curriculumList>
      <studentSize>65</studentSize>
    </Course>
    <Course id="54">
      <id>6</id>
      <code>c0019</code>
      <teacher reference="23"/>
      <lectureSize>8</lectureSize>
      <minWorkingDaySize>2</minWorkingDaySize>
      <curriculumList id="55">
        <Curriculum reference="29"/>
      </curriculumList>
      <studentSize>65</studentSize>
    </Course>
    <Course id="56">
      <id>7</id>
      <code>c0079</code>
      <teacher reference="21"/>
      <lectureSize>6</lectureSize>
      <minWorkingDaySize>4</minWorkingDaySize>
      <curriculumList id="57">
        <Curriculum reference="30"/>
      </curriculumList>
      <studentSize>11</studentSize>
    </Course>
    <Course id="58">
      <id>8</id>
      <code>c0081</code>
      <teacher reference="25"/>
      <lectureSize>6</lectureSize>
      <minWorkingDaySize>4</minWorkingDaySize>
      <curriculumList id="59">
        <Curriculum reference="33"/>
      </curriculumList>
      <studentSize>8</studentSize>
    </Course>
    <Course id="60">
      <id>9</id>
      <code>c0082</code>
      <teacher reference="24"/>
      <lectureSize>5</lectureSize>
      <minWorkingDaySize>4</minWorkingDaySize>
      <curriculumList id="61">
        <Curriculum reference="34"/>
      </curriculumList>
      <studentSize>11</studentSize>
    </Course>
    <Course id="62">
      <id>10</id>
      <code>c0083</code>
      <teacher reference="9"/>
      <lectureSize>5</lectureSize>
      <minWorkingDaySize>4</minWorkingDaySize>
      <curriculumList id="63">
        <Curriculum reference="32"/>
      </curriculumList>
      <studentSize>11</studentSize>
    </Course>
    <Course id="64">
      <id>11</id>
      <code>c0085</code>
      <teacher reference="10"/>
      <lectureSize>5</lectureSize>
      <minWorkingDaySize>4</minWorkingDaySize>
      <curriculumList id="65">
        <Curriculum reference="31"/>
      </curriculumList>
      <studentSize>11</studentSize>
    </Course>
    <Course id="66">
      <id>12</id>
      <code>c0026</code>
      <teacher reference="11"/>
      <lectureSize>6</lectureSize>
      <minWorkingDaySize>4</minWorkingDaySize>
      <curriculumList id="67">
        <Curriculum reference="30"/>
        <Curriculum reference="31"/>
        <Curriculum reference="32"/>
        <Curriculum reference="33"/>
        <Curriculum reference="34"/>
      </curriculumList>
      <studentSize>52</studentSize>
    </Course>
    <Course id="68">
      <id>13</id>
      <code>c0027</code>
      <teacher reference="13"/>
      <lectureSize>6</lectureSize>
      <minWorkingDaySize>4</minWorkingDaySize>
      <curriculumList id="69">
        <Curriculum reference="30"/>
        <Curriculum reference="31"/>
        <Curriculum reference="32"/>
        <Curriculum reference="33"/>
        <Curriculum reference="34"/>
      </curriculumList>
      <studentSize>52</studentSize>
    </Course>
    <Course id="70">
      <id>14</id>
      <code>c0028</code>
      <teacher reference="15"/>
      <lectureSize>3</lectureSize>
      <minWorkingDaySize>3</minWorkingDaySize>
      <curriculumList id="71">
        <Curriculum reference="30"/>
        <Curriculum reference="31"/>
        <Curriculum reference="32"/>
        <Curriculum reference="33"/>
        <Curriculum reference="34"/>
      </curriculumList>
      <studentSize>52</studentSize>
    </Course>
    <Course id="72">
      <id>15</id>
      <code>c0034</code>
      <teacher reference="22"/>
      <lectureSize>6</lectureSize>
      <minWorkingDaySize>4</minWorkingDaySize>
      <curriculumList id="73">
        <Curriculum reference="36"/>
      </curriculumList>
      <studentSize>11</studentSize>
    </Course>
    <Course id="74">
      <id>16</id>
      <code>c0036</code>
      <teacher reference="20"/>
      <lectureSize>6</lectureSize>
      <minWorkingDaySize>4</minWorkingDaySize>
      <curriculumList id="75">
        <Curriculum reference="37"/>
      </curriculumList>
      <studentSize>11</studentSize>
    </Course>
    <Course id="76">
      <id>17</id>
      <code>c0038</code>
      <teacher reference="18"/>
      <lectureSize>6</lectureSize>
      <minWorkingDaySize>4</minWorkingDaySize>
      <curriculumList id="77">
        <Curriculum reference="35"/>
        <Curriculum reference="36"/>
        <Curriculum reference="37"/>
      </curriculumList>
      <studentSize>33</studentSize>
    </Course>
    <Course id="78">
      <id>18</id>
      <code>c0040</code>
      <teacher reference="16"/>
      <lectureSize>5</lectureSize>
      <minWorkingDaySize>4</minWorkingDaySize>
      <curriculumList id="79">
        <Curriculum reference="35"/>
        <Curriculum reference="36"/>
        <Curriculum reference="37"/>
      </curriculumList>
      <studentSize>33</studentSize>
    </Course>
    <Course id="80">
      <id>19</id>
      <code>c0042</code>
      <teacher reference="8"/>
      <lectureSize>5</lectureSize>
      <minWorkingDaySize>4</minWorkingDaySize>
      <curriculumList id="81">
        <Curriculum reference="36"/>
      </curriculumList>
      <studentSize>11</studentSize>
    </Course>
    <Course id="82">
      <id>20</id>
      <code>c0044</code>
      <teacher reference="4"/>
      <lectureSize>5</lectureSize>
      <minWorkingDaySize>4</minWorkingDaySize>
      <curriculumList id="83">
        <Curriculum reference="35"/>
      </curriculumList>
      <studentSize>11</studentSize>
    </Course>
    <Course id="84">
      <id>21</id>
      <code>c0045</code>
      <teacher reference="26"/>
      <lectureSize>6</lectureSize>
      <minWorkingDaySize>4</minWorkingDaySize>
      <curriculumList id="85">
        <Curriculum reference="35"/>
        <Curriculum reference="36"/>
        <Curriculum reference="37"/>
      </curriculumList>
      <studentSize>33</studentSize>
    </Course>
    <Course id="86">
      <id>22</id>
      <code>c0107</code>
      <teacher reference="3"/>
      <lectureSize>6</lectureSize>
      <minWorkingDaySize>4</minWorkingDaySize>
      <curriculumList id="87">
        <Curriculum reference="38"/>
      </curriculumList>
      <studentSize>20</studentSize>
    </Course>
    <Course id="88">
      <id>23</id>
      <code>c0108</code>
      <teacher reference="19"/>
      <lectureSize>9</lectureSize>
      <minWorkingDaySize>2</minWorkingDaySize>
      <curriculumList id="89">
        <Curriculum reference="38"/>
      </curriculumList>
      <studentSize>20</studentSize>
    </Course>
    <Course id="90">
      <id>24</id>
      <code>c0109</code>
      <teacher reference="5"/>
      <lectureSize>4</lectureSize>
      <minWorkingDaySize>3</minWorkingDaySize>
      <curriculumList id="91">
        <Curriculum reference="39"/>
      </curriculumList>
      <studentSize>20</studentSize>
    </Course>
    <Course id="92">
      <id>25</id>
      <code>c0110</code>
      <teacher reference="7"/>
      <lectureSize>7</lectureSize>
      <minWorkingDaySize>2</minWorkingDaySize>
      <curriculumList id="93">
        <Curriculum reference="40"/>
      </curriculumList>
      <studentSize>25</studentSize>
    </Course>
    <Course id="94">
      <id>26</id>
      <code>c0111</code>
      <teacher reference="12"/>
      <lectureSize>2</lectureSize>
      <minWorkingDaySize>2</minWorkingDaySize>
      <curriculumList id="95">
        <Curriculum reference="40"/>
      </curriculumList>
      <studentSize>25</studentSize>
    </Course>
    <Course id="96">
      <id>27</id>
      <code>c0113</code>
      <teacher reference="6"/>
      <lectureSize>3</lectureSize>
      <minWorkingDaySize>3</minWorkingDaySize>
      <curriculumList id="97">
        <Curriculum reference="40"/>
      </curriculumList>
      <studentSize>50</studentSize>
    </Course>
    <Course id="98">
      <id>28</id>
      <code>c0115</code>
      <teacher reference="6"/>
      <lectureSize>6</lectureSize>
      <minWorkingDaySize>4</minWorkingDaySize>
      <curriculumList id="99">
        <Curriculum reference="39"/>
      </curriculumList>
      <studentSize>20</studentSize>
    </Course>
    <Course id="100">
      <id>29</id>
      <code>c0116</code>
      <teacher reference="14"/>
      <lectureSize>4</lectureSize>
      <minWorkingDaySize>3</minWorkingDaySize>
      <curriculumList id="101">
        <Curriculum reference="39"/>
      </curriculumList>
      <studentSize>20</studentSize>
    </Course>
  </courseList>
  <dayList id="102">
    <Day id="103">
      <id>0</id>
      <dayIndex>0</dayIndex>
      <periodList id="104">
        <Period id="105">
          <id>0</id>
          <day reference="103"/>
          <timeslot id="106">
            <id>0</id>
            <timeslotIndex>0</timeslotIndex>
          </timeslot>
        </Period>
        <Period id="107">
          <id>1</id>
          <day reference="103"/>
          <timeslot id="108">
            <id>1</id>
            <timeslotIndex>1</timeslotIndex>
          </timeslot>
        </Period>
        <Period id="109">
          <id>2</id>
          <day reference="103"/>
          <timeslot id="110">
            <id>2</id>
            <timeslotIndex>2</timeslotIndex>
          </timeslot>
        </Period>
        <Period id="111">
          <id>3</id>
          <day reference="103"/>
          <timeslot id="112">
            <id>3</id>
            <timeslotIndex>3</timeslotIndex>
          </timeslot>
        </Period>
        <Period id="113">
          <id>4</id>
          <day reference="103"/>
          <timeslot id="114">
            <id>4</id>
            <timeslotIndex>4</timeslotIndex>
          </timeslot>
        </Period>
        <Period id="115">
          <id>5</id>
          <day reference="103"/>
          <timeslot id="116">
            <id>5</id>
            <timeslotIndex>5</timeslotIndex>
          </timeslot>
        </Period>
        <Period id="117">
          <id>6</id>
          <day reference="103"/>
          <timeslot id="118">
            <id>6</id>
            <timeslotIndex>6</timeslotIndex>
          </timeslot>
        </Period>
        <Period id="119">
          <id>7</id>
          <day reference="103"/>
          <timeslot id="120">
            <id>7</id>
            <timeslotIndex>7</timeslotIndex>
          </timeslot>
        </Period>
        <Period id="121">
          <id>8</id>
          <day reference="103"/>
          <timeslot id="122">
            <id>8</id>
            <timeslotIndex>8</timeslotIndex>
          </timeslot>
        </Period>
      </periodList>
    </Day>
    <Day id="123">
      <id>1</id>
      <dayIndex>1</dayIndex>
      <periodList id="124">
        <Period id="125">
          <id>9</id>
          <day reference="123"/>
          <timeslot reference="106"/>
        </Period>
        <Period id="126">
          <id>10</id>
          <day reference="123"/>
          <timeslot reference="108"/>
        </Period>
        <Period id="127">
          <id>11</id>
          <day reference="123"/>
          <timeslot reference="110"/>
        </Period>
        <Period id="128">
          <id>12</id>
          <day reference="123"/>
          <timeslot reference="112"/>
        </Period>
        <Period id="129">
          <id>13</id>
          <day reference="123"/>
          <timeslot reference="114"/>
        </Period>
        <Period id="130">
          <id>14</id>
          <day reference="123"/>
          <timeslot reference="116"/>
        </Period>
        <Period id="131">
          <id>15</id>
          <day reference="123"/>
          <timeslot reference="118"/>
        </Period>
        <Period id="132">
          <id>16</id>
          <day reference="123"/>
          <timeslot reference="120"/>
        </Period>
        <Period id="133">
          <id>17</id>
          <day reference="123"/>
          <timeslot reference="122"/>
        </Period>
      </periodList>
    </Day>
    <Day id="134">
      <id>2</id>
      <dayIndex>2</dayIndex>
      <periodList id="135">
        <Period id="136">
          <id>18</id>
          <day reference="134"/>
          <timeslot reference="106"/>
        </Period>
        <Period id="137">
          <id>19</id>
          <day reference="134"/>
          <timeslot reference="108"/>
        </Period>
        <Period id="138">
          <id>20</id>
          <day reference="134"/>
          <timeslot reference="110"/>
        </Period>
        <Period id="139">
          <id>21</id>
          <day reference="134"/>
          <timeslot reference="112"/>
        </Period>
        <Period id="140">
          <id>22</id>
          <day reference="134"/>
          <timeslot reference="114"/>
        </Period>
        <Period id="141">
          <id>23</id>
          <day reference="134"/>
          <timeslot reference="116"/>
        </Period>
        <Period id="142">
          <id>24</id>
          <day reference="134"/>
          <timeslot reference="118"/>
        </Period>
        <Period id="143">
          <id>25</id>
          <day reference="134"/>
          <timeslot reference="120"/>
        </Period>
        <Period id="144">
          <id>26</id>
          <day reference="134"/>
          <timeslot reference="122"/>
        </Period>
      </periodList>
    </Day>
    <Day id="145">
      <id>3</id>
      <dayIndex>3</dayIndex>
      <periodList id="146">
        <Period id="147">
          <id>27</id>
          <day reference="145"/>
          <timeslot reference="106"/>
        </Period>
        <Period id="148">
          <id>28</id>
          <day reference="145"/>
          <timeslot reference="108"/>
        </Period>
        <Period id="149">
          <id>29</id>
          <day reference="145"/>
          <timeslot reference="110"/>
        </Period>
        <Period id="150">
          <id>30</id>
          <day reference="145"/>
          <timeslot reference="112"/>
        </Period>
        <Period id="151">
          <id>31</id>
          <day reference="145"/>
          <timeslot reference="114"/>
        </Period>
        <Period id="152">
          <id>32</id>
          <day reference="145"/>
          <timeslot reference="116"/>
        </Period>
        <Period id="153">
          <id>33</id>
          <day reference="145"/>
          <timeslot reference="118"/>
        </Period>
        <Period id="154">
          <id>34</id>
          <day reference="145"/>
          <timeslot reference="120"/>
        </Period>
        <Period id="155">
          <id>35</id>
          <day reference="145"/>
          <timeslot reference="122"/>
        </Period>
      </periodList>
    </Day>
    <Day id="156">
      <id>4</id>
      <dayIndex>4</dayIndex>
      <periodList id="157">
        <Period id="158">
          <id>36</id>
          <day reference="156"/>
          <timeslot reference="106"/>
        </Period>
        <Period id="159">
          <id>37</id>
          <day reference="156"/>
          <timeslot reference="108"/>
        </Period>
        <Period id="160">
          <id>38</id>
          <day reference="156"/>
          <timeslot reference="110"/>
        </Period>
        <Period id="161">
          <id>39</id>
          <day reference="156"/>
          <timeslot reference="112"/>
        </Period>
        <Period id="162">
          <id>40</id>
          <day reference="156"/>
          <timeslot reference="114"/>
        </Period>
        <Period id="163">
          <id>41</id>
          <day reference="156"/>
          <timeslot reference="116"/>
        </Period>
        <Period id="164">
          <id>42</id>
          <day reference="156"/>
          <timeslot reference="118"/>
        </Period>
        <Period id="165">
          <id>43</id>
          <day reference="156"/>
          <timeslot reference="120"/>
        </Period>
        <Period id="166">
          <id>44</id>
          <day reference="156"/>
          <timeslot reference="122"/>
        </Period>
      </periodList>
    </Day>
  </dayList>
  <timeslotList id="167">
    <Timeslot reference="106"/>
    <Timeslot reference="108"/>
    <Timeslot reference="110"/>
    <Timeslot reference="112"/>
    <Timeslot reference="114"/>
    <Timeslot reference="116"/>
    <Timeslot reference="118"/>
    <Timeslot reference="120"/>
    <Timeslot reference="122"/>
  </timeslotList>
  <periodList id="168">
    <Period reference="105"/>
    <Period reference="107"/>
    <Period reference="109"/>
    <Period reference="111"/>
    <Period reference="113"/>
    <Period reference="115"/>
    <Period reference="117"/>
    <Period reference="119"/>
    <Period reference="121"/>
    <Period reference="125"/>
    <Period reference="126"/>
    <Period reference="127"/>
    <Period reference="128"/>
    <Period reference="129"/>
    <Period reference="130"/>
    <Period reference="131"/>
    <Period reference="132"/>
    <Period reference="133"/>
    <Period reference="136"/>
    <Period reference="137"/>
    <Period reference="138"/>
    <Period reference="139"/>
    <Period reference="140"/>
    <Period reference="141"/>
    <Period reference="142"/>
    <Period reference="143"/>
    <Period reference="144"/>
    <Period reference="147"/>
    <Period reference="148"/>
    <Period reference="149"/>
    <Period reference="150"/>
    <Period reference="151"/>
    <Period reference="152"/>
    <Period reference="153"/>
    <Period reference="154"/>
    <Period reference="155"/>
    <Period reference="158"/>
    <Period reference="159"/>
    <Period reference="160"/>
    <Period reference="161"/>
    <Period reference="162"/>
    <Period reference="163"/>
    <Period reference="164"/>
    <Period reference="165"/>
    <Period reference="166"/>
  </periodList>
  <roomList id="169">
    <Room id="170">
      <id>0</id>
      <code>C</code>
      <capacity>100</capacity>
    </Room>
    <Room id="171">
      <id>1</id>
      <code>F</code>
      <capacity>30</capacity>
    </Room>
    <Room id="172">
      <id>2</id>
      <code>G</code>
      <capacity>20</capacity>
    </Room>
    <Room id="173">
      <id>3</id>
      <code>O</code>
      <capacity>12</capacity>
    </Room>
    <Room id="174">
      <id>4</id>
      <code>LUF2</code>
      <capacity>60</capacity>
    </Room>
  </roomList>
  <unavailablePeriodPenaltyList id="175">
    <UnavailablePeriodPenalty id="176">
      <id>0</id>
      <course reference="42"/>
      <period reference="158"/>
    </UnavailablePeriodPenalty>
    <UnavailablePeriodPenalty id="177">
      <id>1</id>
      <course reference="42"/>
      <period reference="159"/>
    </UnavailablePeriodPenalty>
    <UnavailablePeriodPenalty id="178">
      <id>2</id>
      <course reference="42"/>
      <period reference="160"/>
    </UnavailablePeriodPenalty>
    <UnavailablePeriodPenalty id="179">
      <id>3</id>
      <course reference="42"/>
      <period reference="161"/>
    </UnavailablePeriodPenalty>
    <UnavailablePeriodPenalty id="180">
      <id>4</id>
      <course reference="42"/>
      <period reference="162"/>
    </UnavailablePeriodPenalty>
    <UnavailablePeriodPenalty id="181">
      <id>5</id>
      <course reference="42"/>
      <period reference="163"/>
    </UnavailablePeriodPenalty>
    <UnavailablePeriodPenalty id="182">
      <id>6</id>
      <course reference="42"/>
      <period reference="164"/>
    </UnavailablePeriodPenalty>
    <UnavailablePeriodPenalty id="183">
      <id>7</id>
      <course reference="42"/>
      <period reference="165"/>
    </UnavailablePeriodPenalty>
    <UnavailablePeriodPenalty id="184">
      <id>8</id>
      <course reference="42"/>
      <period reference="166"/>
    </UnavailablePeriodPenalty>
    <UnavailablePeriodPenalty id="185">
      <id>9</id>
      <course reference="44"/>
      <period reference="105"/>
    </UnavailablePeriodPenalty>
    <UnavailablePeriodPenalty id="186">
      <id>10</id>
      <course reference="44"/>
      <period reference="107"/>
    </UnavailablePeriodPenalty>
    <UnavailablePeriodPenalty id="187">
      <id>11</id>
      <course reference="44"/>
      <period reference="109"/>
    </UnavailablePeriodPenalty>
    <UnavailablePeriodPenalty id="188">
      <id>12</id>
      <course reference="44"/>
      <period reference="111"/>
    </UnavailablePeriodPenalty>
    <UnavailablePeriodPenalty id="189">
      <id>13</id>
      <course reference="44"/>
      <period reference="113"/>
    </UnavailablePeriodPenalty>
    <UnavailablePeriodPenalty id="190">
      <id>14</id>
      <course reference="44"/>
      <period reference="115"/>
    </UnavailablePeriodPenalty>
    <UnavailablePeriodPenalty id="191">
      <id>15</id>
      <course reference="44"/>
      <period reference="117"/>
    </UnavailablePeriodPenalty>
    <UnavailablePeriodPenalty id="192">
      <id>16</id>
      <course reference="44"/>
      <period reference="119"/>
    </UnavailablePeriodPenalty>
    <UnavailablePeriodPenalty id="193">
      <id>17</id>
      <course reference="44"/>
      <period reference="121"/>
    </UnavailablePeriodPenalty>
    <UnavailablePeriodPenalty id="194">
      <id>18</id>
      <course reference="66"/>
      <period reference="147"/>
    </UnavailablePeriodPenalty>
    <UnavailablePeriodPenalty id="195">
      <id>19</id>
      <course reference="66"/>
      <period reference="148"/>
    </UnavailablePeriodPenalty>
    <UnavailablePeriodPenalty id="196">
      <id>20</id>
      <course reference="66"/>
      <period reference="149"/>
    </UnavailablePeriodPenalty>
    <UnavailablePeriodPenalty id="197">
      <id>21</id>
      <course reference="66"/>
      <period reference="150"/>
    </UnavailablePeriodPenalty>
    <UnavailablePeriodPenalty id="198">
      <id>22</id>
      <course reference="66"/>
      <period reference="151"/>
    </UnavailablePeriodPenalty>
    <UnavailablePeriodPenalty id="199">
      <id>23</id>
      <course reference="66"/>
      <period reference="152"/>
    </UnavailablePeriodPenalty>
    <UnavailablePeriodPenalty id="200">
      <id>24</id>
      <course reference="66"/>
      <period reference="153"/>
    </UnavailablePeriodPenalty>
    <UnavailablePeriodPenalty id="201">
      <id>25</id>
      <course reference="66"/>
      <period reference="154"/>
    </UnavailablePeriodPenalty>
    <UnavailablePeriodPenalty id="202">
      <id>26</id>
      <course reference="66"/>
      <period reference="155"/>
    </UnavailablePeriodPenalty>
    <UnavailablePeriodPenalty id="203">
      <id>27</id>
      <course reference="48"/>
      <period reference="138"/>
    </UnavailablePeriodPenalty>
    <UnavailablePeriodPenalty id="204">
      <id>28</id>
      <course reference="48"/>
      <period reference="139"/>
    </UnavailablePeriodPenalty>
    <UnavailablePeriodPenalty id="205">
      <id>29</id>
      <course reference="48"/>
      <period reference="140"/>
    </UnavailablePeriodPenalty>
    <UnavailablePeriodPenalty id="206">
      <id>30</id>
      <course reference="48"/>
      <period reference="141"/>
    </UnavailablePeriodPenalty>
    <UnavailablePeriodPenalty id="207">
      <id>31</id>
      <course reference="48"/>
      <period reference="147"/>
    </UnavailablePeriodPenalty>
    <UnavailablePeriodPenalty id="208">
      <id>32</id>
      <course reference="48"/>
      <period reference="148"/>
    </UnavailablePeriodPenalty>
    <UnavailablePeriodPenalty id="209">
      <id>33</id>
      <course reference="48"/>
      <period reference="149"/>
    </UnavailablePeriodPenalty>
    <UnavailablePeriodPenalty id="210">
      <id>34</id>
      <course reference="48"/>
      <period reference="150"/>
    </UnavailablePeriodPenalty>
    <UnavailablePeriodPenalty id="211">
      <id>35</id>
      <course reference="48"/>
      <period reference="151"/>
    </UnavailablePeriodPenalty>
    <UnavailablePeriodPenalty id="212">
      <id>36</id>
      <course reference="48"/>
      <period reference="152"/>
    </UnavailablePeriodPenalty>
    <UnavailablePeriodPenalty id="213">
      <id>37</id>
      <course reference="76"/>
      <period reference="149"/>
    </UnavailablePeriodPenalty>
    <UnavailablePeriodPenalty id="214">
      <id>38</id>
      <course reference="76"/>
      <period reference="150"/>
    </UnavailablePeriodPenalty>
    <UnavailablePeriodPenalty id="215">
      <id>39</id>
      <course reference="76"/>
      <period reference="151"/>
    </UnavailablePeriodPenalty>
    <UnavailablePeriodPenalty id="216">
      <id>40</id>
      <course reference="76"/>
      <period reference="152"/>
    </UnavailablePeriodPenalty>
    <UnavailablePeriodPenalty id="217">
      <id>41</id>
      <course reference="76"/>
      <period reference="160"/>
    </UnavailablePeriodPenalty>
    <UnavailablePeriodPenalty id="218">
      <id>42</id>
      <course reference="76"/>
      <period reference="161"/>
    </UnavailablePeriodPenalty>
    <UnavailablePeriodPenalty id="219">
      <id>43</id>
      <course reference="76"/>
      <period reference="162"/>
    </UnavailablePeriodPenalty>
    <UnavailablePeriodPenalty id="220">
      <id>44</id>
      <course reference="76"/>
      <period reference="163"/>
    </UnavailablePeriodPenalty>
    <UnavailablePeriodPenalty id="221">
      <id>45</id>
      <course reference="64"/>
      <period reference="119"/>
    </UnavailablePeriodPenalty>
    <UnavailablePeriodPenalty id="222">
      <id>46</id>
      <course reference="64"/>
      <period reference="132"/>
    </UnavailablePeriodPenalty>
    <UnavailablePeriodPenalty id="223">
      <id>47</id>
      <course reference="64"/>
      <period reference="143"/>
    </UnavailablePeriodPenalty>
    <UnavailablePeriodPenalty id="224">
      <id>48</id>
      <course reference="64"/>
      <period reference="154"/>
    </UnavailablePeriodPenalty>
    <UnavailablePeriodPenalty id="225">
      <id>49</id>
      <course reference="64"/>
      <period reference="165"/>
    </UnavailablePeriodPenalty>
    <UnavailablePeriodPenalty id="226">
      <id>50</id>
      <course reference="64"/>
      <period reference="121"/>
    </UnavailablePeriodPenalty>
    <UnavailablePeriodPenalty id="227">
      <id>51</id>
      <course reference="64"/>
      <period reference="133"/>
    </UnavailablePeriodPenalty>
    <UnavailablePeriodPenalty id="228">
      <id>52</id>
      <course reference="64"/>
      <period reference="144"/>
    </UnavailablePeriodPenalty>
    <UnavailablePeriodPenalty id="229">
      <id>53</id>
      <course reference="64"/>
      <period reference="155"/>
    </UnavailablePeriodPenalty>
    <UnavailablePeriodPenalty id="230">
      <id>54</id>
      <course reference="64"/>
      <period reference="166"/>
    </UnavailablePeriodPenalty>
    <UnavailablePeriodPenalty id="231">
      <id>55</id>
      <course reference="96"/>
      <period reference="105"/>
    </UnavailablePeriodPenalty>
    <UnavailablePeriodPenalty id="232">
      <id>56</id>
      <course reference="96"/>
      <period reference="125"/>
    </UnavailablePeriodPenalty>
    <UnavailablePeriodPenalty id="233">
      <id>57</id>
      <course reference="96"/>
      <period reference="136"/>
    </UnavailablePeriodPenalty>
    <UnavailablePeriodPenalty id="234">
      <id>58</id>
      <course reference="96"/>
      <period reference="147"/>
    </UnavailablePeriodPenalty>
    <UnavailablePeriodPenalty id="235">
      <id>59</id>
      <course reference="96"/>
      <period reference="158"/>
    </UnavailablePeriodPenalty>
    <UnavailablePeriodPenalty id="236">
      <id>60</id>
      <course reference="96"/>
      <period reference="107"/>
    </UnavailablePeriodPenalty>
    <UnavailablePeriodPenalty id="237">
      <id>61</id>
      <course reference="96"/>
      <period reference="126"/>
    </UnavailablePeriodPenalty>
    <UnavailablePeriodPenalty id="238">
      <id>62</id>
      <course reference="96"/>
      <period reference="137"/>
    </UnavailablePeriodPenalty>
    <UnavailablePeriodPenalty id="239">
      <id>63</id>
      <course reference="96"/>
      <period reference="148"/>
    </UnavailablePeriodPenalty>
    <UnavailablePeriodPenalty id="240">
      <id>64</id>
      <course reference="96"/>
      <period reference="159"/>
    </UnavailablePeriodPenalty>
    <UnavailablePeriodPenalty id="241">
      <id>65</id>
      <course reference="96"/>
      <period reference="109"/>
    </UnavailablePeriodPenalty>
    <UnavailablePeriodPenalty id="242">
      <id>66</id>
      <course reference="96"/>
      <period reference="127"/>
    </UnavailablePeriodPenalty>
    <UnavailablePeriodPenalty id="243">
      <id>67</id>
      <course reference="96"/>
      <period reference="138"/>
    </UnavailablePeriodPenalty>
    <UnavailablePeriodPenalty id="244">
      <id>68</id>
      <course reference="96"/>
      <period reference="149"/>
    </UnavailablePeriodPenalty>
    <UnavailablePeriodPenalty id="245">
      <id>69</id>
      <course reference="96"/>
      <period reference="160"/>
    </UnavailablePeriodPenalty>
    <UnavailablePeriodPenalty id="246">
      <id>70</id>
      <course reference="96"/>
      <period reference="111"/>
    </UnavailablePeriodPenalty>
    <UnavailablePeriodPenalty id="247">
      <id>71</id>
      <course reference="96"/>
      <period reference="128"/>
    </UnavailablePeriodPenalty>
    <UnavailablePeriodPenalty id="248">
      <id>72</id>
      <course reference="96"/>
      <period reference="139"/>
    </UnavailablePeriodPenalty>
    <UnavailablePeriodPenalty id="249">
      <id>73</id>
      <course reference="96"/>
      <period reference="150"/>
    </UnavailablePeriodPenalty>
    <UnavailablePeriodPenalty id="250">
      <id>74</id>
      <course reference="96"/>
      <period reference="161"/>
    </UnavailablePeriodPenalty>
    <UnavailablePeriodPenalty id="251">
      <id>75</id>
      <course reference="98"/>
      <period reference="111"/>
    </UnavailablePeriodPenalty>
    <UnavailablePeriodPenalty id="252">
      <id>76</id>
      <course reference="98"/>
      <period reference="128"/>
    </UnavailablePeriodPenalty>
    <UnavailablePeriodPenalty id="253">
      <id>77</id>
      <course reference="98"/>
      <period reference="139"/>
    </UnavailablePeriodPenalty>
    <UnavailablePeriodPenalty id="254">
      <id>78</id>
      <course reference="98"/>
      <period reference="150"/>
    </UnavailablePeriodPenalty>
    <UnavailablePeriodPenalty id="255">
      <id>79</id>
      <course reference="98"/>
      <period reference="161"/>
    </UnavailablePeriodPenalty>
    <UnavailablePeriodPenalty id="256">
      <id>80</id>
      <course reference="98"/>
      <period reference="113"/>
    </UnavailablePeriodPenalty>
    <UnavailablePeriodPenalty id="257">
      <id>81</id>
      <course reference="98"/>
      <period reference="129"/>
    </UnavailablePeriodPenalty>
    <UnavailablePeriodPenalty id="258">
      <id>82</id>
      <course reference="98"/>
      <period reference="140"/>
    </UnavailablePeriodPenalty>
    <UnavailablePeriodPenalty id="259">
      <id>83</id>
      <course reference="98"/>
      <period reference="151"/>
    </UnavailablePeriodPenalty>
    <UnavailablePeriodPenalty id="260">
      <id>84</id>
      <course reference="98"/>
      <period reference="162"/>
    </UnavailablePeriodPenalty>
    <UnavailablePeriodPenalty id="261">
      <id>85</id>
      <course reference="98"/>
      <period reference="115"/>
    </UnavailablePeriodPenalty>
    <UnavailablePeriodPenalty id="262">
      <id>86</id>
      <course reference="98"/>
      <period reference="130"/>
    </UnavailablePeriodPenalty>
    <UnavailablePeriodPenalty id="263">
      <id>87</id>
      <course reference="98"/>
      <period reference="141"/>
    </UnavailablePeriodPenalty>
    <UnavailablePeriodPenalty id="264">
      <id>88</id>
      <course reference="98"/>
      <period reference="152"/>
    </UnavailablePeriodPenalty>
    <UnavailablePeriodPenalty id="265">
      <id>89</id>
      <course reference="98"/>
      <period reference="163"/>
    </UnavailablePeriodPenalty>
    <UnavailablePeriodPenalty id="266">
      <id>90</id>
      <course reference="100"/>
      <period reference="105"/>
    </UnavailablePeriodPenalty>
    <UnavailablePeriodPenalty id="267">
      <id>91</id>
      <course reference="100"/>
      <period reference="107"/>
    </UnavailablePeriodPenalty>
    <UnavailablePeriodPenalty id="268">
      <id>92</id>
      <course reference="100"/>
      <period reference="165"/>
    </UnavailablePeriodPenalty>
    <UnavailablePeriodPenalty id="269">
      <id>93</id>
      <course reference="100"/>
      <period reference="166"/>
    </UnavailablePeriodPenalty>
  </unavailablePeriodPenaltyList>
  <lectureList id="270">
    <Lecture id="271">
      <id>0</id>
      <course reference="42"/>
      <lectureIndexInCourse>0</lectureIndexInCourse>
      <pinned>false</pinned>
    </Lecture>
    <Lecture id="272">
      <id>1</id>
      <course reference="42"/>
      <lectureIndexInCourse>1</lectureIndexInCourse>
      <pinned>false</pinned>
    </Lecture>
    <Lecture id="273">
      <id>2</id>
      <course reference="44"/>
      <lectureIndexInCourse>0</lectureIndexInCourse>
      <pinned>false</pinned>
    </Lecture>
    <Lecture id="274">
      <id>3</id>
      <course reference="44"/>
      <lectureIndexInCourse>1</lectureIndexInCourse>
      <pinned>false</pinned>
    </Lecture>
    <Lecture id="275">
      <id>4</id>
      <course reference="46"/>
      <lectureIndexInCourse>0</lectureIndexInCourse>
      <pinned>false</pinned>
    </Lecture>
    <Lecture id="276">
      <id>5</id>
      <course reference="46"/>
      <lectureIndexInCourse>1</lectureIndexInCourse>
      <pinned>false</pinned>
    </Lecture>
    <Lecture id="277">
      <id>6</id>
      <course reference="46"/>
      <lectureIndexInCourse>2</lectureIndexInCourse>
      <pinned>false</pinned>
    </Lecture>
    <Lecture id="278">
      <id>7</id>
      <course reference="46"/>
      <lectureIndexInCourse>3</lectureIndexInCourse>
      <pinned>false</pinned>
    </Lecture>
    <Lecture id="279">
      <id>8</id>
      <course reference="46"/>
      <lectureIndexInCourse>4</lectureIndexInCourse>
      <pinned>false</pinned>
    </Lecture>
    <Lecture id="280">
      <id>9</id>
      <course reference="46"/>
      <lectureIndexInCourse>5</lectureIndexInCourse>
      <pinned>false</pinned>
    </Lecture>
    <Lecture id="281">
      <id>10</id>
      <course reference="46"/>
      <lectureIndexInCourse>6</lectureIndexInCourse>
      <pinned>false</pinned>
    </Lecture>
    <Lecture id="282">
      <id>11</id>
      <course reference="46"/>
      <lectureIndexInCourse>7</lectureIndexInCourse>
      <pinned>false</pinned>
    </Lecture>
    <Lecture id="283">
      <id>12</id>
      <course reference="46"/>
      <lectureIndexInCourse>8</lectureIndexInCourse>
      <pinned>false</pinned>
    </Lecture>
    <Lecture id="284">
      <id>13</id>
      <course reference="48"/>
      <lectureIndexInCourse>0</lectureIndexInCourse>
      <pinned>false</pinned>
    </Lecture>
    <Lecture id="285">
      <id>14</id>
      <course reference="48"/>
      <lectureIndexInCourse>1</lectureIndexInCourse>
      <pinned>false</pinned>
    </Lecture>
    <Lecture id="286">
      <id>15</id>
      <course reference="48"/>
      <lectureIndexInCourse>2</lectureIndexInCourse>
      <pinned>false</pinned>
    </Lecture>
    <Lecture id="287">
      <id>16</id>
      <course reference="48"/>
      <lectureIndexInCourse>3</lectureIndexInCourse>
      <pinned>false</pinned>
    </Lecture>
    <Lecture id="288">
      <id>17</id>
      <course reference="48"/>
      <lectureIndexInCourse>4</lectureIndexInCourse>
      <pinned>false</pinned>
    </Lecture>
    <Lecture id="289">
      <id>18</id>
      <course reference="48"/>
      <lectureIndexInCourse>5</lectureIndexInCourse>
      <pinned>false</pinned>
    </Lecture>
    <Lecture id="290">
      <id>19</id>
      <course reference="48"/>
      <lectureIndexInCourse>6</lectureIndexInCourse>
      <pinned>false</pinned>
    </Lecture>
    <Lecture id="291">
      <id>20</id>
      <course reference="50"/>
      <lectureIndexInCourse>0</lectureIndexInCourse>
      <pinned>false</pinned>
    </Lecture>
    <Lecture id="292">
      <id>21</id>
      <course reference="50"/>
      <lectureIndexInCourse>1</lectureIndexInCourse>
      <pinned>false</pinned>
    </Lecture>
    <Lecture id="293">
      <id>22</id>
      <course reference="50"/>
      <lectureIndexInCourse>2</lectureIndexInCourse>
      <pinned>false</pinned>
    </Lecture>
    <Lecture id="294">
      <id>23</id>
      <course reference="52"/>
      <lectureIndexInCourse>0</lectureIndexInCourse>
      <pinned>false</pinned>
    </Lecture>
    <Lecture id="295">
      <id>24</id>
      <course reference="52"/>
      <lectureIndexInCourse>1</lectureIndexInCourse>
      <pinned>false</pinned>
    </Lecture>
    <Lecture id="296">
      <id>25</id>
      <course reference="52"/>
      <lectureIndexInCourse>2</lectureIndexInCourse>
      <pinned>false</pinned>
    </Lecture>
    <Lecture id="297">
      <id>26</id>
      <course reference="52"/>
      <lectureIndexInCourse>3</lectureIndexInCourse>
      <pinned>false</pinned>
    </Lecture>
    <Lecture id="298">
      <id>27</id>
      <course reference="52"/>
      <lectureIndexInCourse>4</lectureIndexInCourse>
      <pinned>false</pinned>
    </Lecture>
    <Lecture id="299">
      <id>28</id>
      <course reference="52"/>
      <lectureIndexInCourse>5</lectureIndexInCourse>
      <pinned>false</pinned>
    </Lecture>
    <Lecture id="300">
      <id>29</id>
      <course reference="52"/>
      <lectureIndexInCourse>6</lectureIndexInCourse>
      <pinned>false</pinned>
    </Lecture>
    <Lecture id="301">
      <id>30</id>
      <course reference="52"/>
      <lectureIndexInCourse>7</lectureIndexInCourse>
      <pinned>false</pinned>
    </Lecture>
    <Lecture id="302">
      <id>31</id>
      <course reference="52"/>
      <lectureIndexInCourse>8</lectureIndexInCourse>
      <pinned>false</pinned>
    </Lecture>
    <Lecture id="303">
      <id>32</id>
      <course reference="54"/>
      <lectureIndexInCourse>0</lectureIndexInCourse>
      <pinned>false</pinned>
    </Lecture>
    <Lecture id="304">
      <id>33</id>
      <course reference="54"/>
      <lectureIndexInCourse>1</lectureIndexInCourse>
      <pinned>false</pinned>
    </Lecture>
    <Lecture id="305">
      <id>34</id>
      <course reference="54"/>
      <lectureIndexInCourse>2</lectureIndexInCourse>
      <pinned>false</pinned>
    </Lecture>
    <Lecture id="306">
      <id>35</id>
      <course reference="54"/>
      <lectureIndexInCourse>3</lectureIndexInCourse>
      <pinned>false</pinned>
    </Lecture>
    <Lecture id="307">
      <id>36</id>
      <course reference="54"/>
      <lectureIndexInCourse>4</lectureIndexInCourse>
      <pinned>false</pinned>
    </Lecture>
    <Lecture id="308">
      <id>37</id>
      <course reference="54"/>
      <lectureIndexInCourse>5</lectureIndexInCourse>
      <pinned>false</pinned>
    </Lecture>
    <Lecture id="309">
      <id>38</id>
      <course reference="54"/>
      <lectureIndexInCourse>6</lectureIndexInCourse>
      <pinned>false</pinned>
    </Lecture>
    <Lecture id="310">
      <id>39</id>
      <course reference="54"/>
      <lectureIndexInCourse>7</lectureIndexInCourse>
      <pinned>false</pinned>
    </Lecture>
    <Lecture id="311">
      <id>40</id>
      <course reference="56"/>
      <lectureIndexInCourse>0</lectureIndexInCourse>
      <pinned>false</pinned>
    </Lecture>
    <Lecture id="312">
      <id>41</id>
      <course reference="56"/>
      <lectureIndexInCourse>1</lectureIndexInCourse>
      <pinned>false</pinned>
    </Lecture>
    <Lecture id="313">
      <id>42</id>
      <course reference="56"/>
      <lectureIndexInCourse>2</lectureIndexInCourse>
      <pinned>false</pinned>
    </Lecture>
    <Lecture id="314">
      <id>43</id>
      <course reference="56"/>
      <lectureIndexInCourse>3</lectureIndexInCourse>
      <pinned>false</pinned>
    </Lecture>
    <Lecture id="315">
      <id>44</id>
      <course reference="56"/>
      <lectureIndexInCourse>4</lectureIndexInCourse>
      <pinned>false</pinned>
    </Lecture>
    <Lecture id="316">
      <id>45</id>
      <course reference="56"/>
      <lectureIndexInCourse>5</lectureIndexInCourse>
      <pinned>false</pinned>
    </Lecture>
    <Lecture id="317">
      <id>46</id>
      <course reference="58"/>
      <lectureIndexInCourse>0</lectureIndexInCourse>
      <pinned>false</pinned>
    </Lecture>
    <Lecture id="318">
      <id>47</id>
      <course reference="58"/>
      <lectureIndexInCourse>1</lectureIndexInCourse>
      <pinned>false</pinned>
    </Lecture>
    <Lecture id="319">
      <id>48</id>
      <course reference="58"/>
      <lectureIndexInCourse>2</lectureIndexInCourse>
      <pinned>false</pinned>
    </Lecture>
    <Lecture id="320">
      <id>49</id>
      <course reference="58"/>
      <lectureIndexInCourse>3</lectureIndexInCourse>
      <pinned>false</pinned>
    </Lecture>
    <Lecture id="321">
      <id>50</id>
      <course reference="58"/>
      <lectureIndexInCourse>4</lectureIndexInCourse>
      <pinned>false</pinned>
    </Lecture>
    <Lecture id="322">
      <id>51</id>
      <course reference="58"/>
      <lectureIndexInCourse>5</lectureIndexInCourse>
      <pinned>false</pinned>
    </Lecture>
    <Lecture id="323">
      <id>52</id>
      <course reference="60"/>
      <lectureIndexInCourse>0</lectureIndexInCourse>
      <pinned>false</pinned>
    </Lecture>
    <Lecture id="324">
      <id>53</id>
      <course reference="60"/>
      <lectureIndexInCourse>1</lectureIndexInCourse>
      <pinned>false</pinned>
    </Lecture>
    <Lecture id="325">
      <id>54</id>
      <course reference="60"/>
      <lectureIndexInCourse>2</lectureIndexInCourse>
      <pinned>false</pinned>
    </Lecture>
    <Lecture id="326">
      <id>55</id>
      <course reference="60"/>
      <lectureIndexInCourse>3</lectureIndexInCourse>
      <pinned>false</pinned>
    </Lecture>
    <Lecture id="327">
      <id>56</id>
      <course reference="60"/>
      <lectureIndexInCourse>4</lectureIndexInCourse>
      <pinned>false</pinned>
    </Lecture>
    <Lecture id="328">
      <id>57</id>
      <course reference="62"/>
      <lectureIndexInCourse>0</lectureIndexInCourse>
      <pinned>false</pinned>
    </Lecture>
    <Lecture id="329">
      <id>58</id>
      <course reference="62"/>
      <lectureIndexInCourse>1</lectureIndexInCourse>
      <pinned>false</pinned>
    </Lecture>
    <Lecture id="330">
      <id>59</id>
      <course reference="62"/>
      <lectureIndexInCourse>2</lectureIndexInCourse>
      <pinned>false</pinned>
    </Lecture>
    <Lecture id="331">
      <id>60</id>
      <course reference="62"/>
      <lectureIndexInCourse>3</lectureIndexInCourse>
      <pinned>false</pinned>
    </Lecture>
    <Lecture id="332">
      <id>61</id>
      <course reference="62"/>
      <lectureIndexInCourse>4</lectureIndexInCourse>
      <pinned>false</pinned>
    </Lecture>
    <Lecture id="333">
      <id>62</id>
      <course reference="64"/>
      <lectureIndexInCourse>0</lectureIndexInCourse>
      <pinned>false</pinned>
    </Lecture>
    <Lecture id="334">
      <id>63</id>
      <course reference="64"/>
      <lectureIndexInCourse>1</lectureIndexInCourse>
      <pinned>false</pinned>
    </Lecture>
    <Lecture id="335">
      <id>64</id>
      <course reference="64"/>
      <lectureIndexInCourse>2</lectureIndexInCourse>
      <pinned>false</pinned>
    </Lecture>
    <Lecture id="336">
      <id>65</id>
      <course reference="64"/>
      <lectureIndexInCourse>3</lectureIndexInCourse>
      <pinned>false</pinned>
    </Lecture>
    <Lecture id="337">
      <id>66</id>
      <course reference="64"/>
      <lectureIndexInCourse>4</lectureIndexInCourse>
      <pinned>false</pinned>
    </Lecture>
    <Lecture id="338">
      <id>67</id>
      <course reference="66"/>
      <lectureIndexInCourse>0</lectureIndexInCourse>
      <pinned>false</pinned>
    </Lecture>
    <Lecture id="339">
      <id>68</id>
      <course reference="66"/>
      <lectureIndexInCourse>1</lectureIndexInCourse>
      <pinned>false</pinned>
    </Lecture>
    <Lecture id="340">
      <id>69</id>
      <course reference="66"/>
      <lectureIndexInCourse>2</lectureIndexInCourse>
      <pinned>false</pinned>
    </Lecture>
    <Lecture id="341">
      <id>70</id>
      <course reference="66"/>
      <lectureIndexInCourse>3</lectureIndexInCourse>
      <pinned>false</pinned>
    </Lecture>
    <Lecture id="342">
      <id>71</id>
      <course reference="66"/>
      <lectureIndexInCourse>4</lectureIndexInCourse>
      <pinned>false</pinned>
    </Lecture>
    <Lecture id="343">
      <id>72</id>
      <course reference="66"/>
      <lectureIndexInCourse>5</lectureIndexInCourse>
      <pinned>false</pinned>
    </Lecture>
    <Lecture id="344">
      <id>73</id>
      <course reference="68"/>
      <lectureIndexInCourse>0</lectureIndexInCourse>
      <pinned>false</pinned>
    </Lecture>
    <Lecture id="345">
      <id>74</id>
      <course reference="68"/>
      <lectureIndexInCourse>1</lectureIndexInCourse>
      <pinned>false</pinned>
    </Lecture>
    <Lecture id="346">
      <id>75</id>
      <course reference="68"/>
      <lectureIndexInCourse>2</lectureIndexInCourse>
      <pinned>false</pinned>
    </Lecture>
    <Lecture id="347">
      <id>76</id>
      <course reference="68"/>
      <lectureIndexInCourse>3</lectureIndexInCourse>
      <pinned>false</pinned>
    </Lecture>
    <Lecture id="348">
      <id>77</id>
      <course reference="68"/>
      <lectureIndexInCourse>4</lectureIndexInCourse>
      <pinned>false</pinned>
    </Lecture>
    <Lecture id="349">
      <id>78</id>
      <course reference="68"/>
      <lectureIndexInCourse>5</lectureIndexInCourse>
      <pinned>false</pinned>
    </Lecture>
    <Lecture id="350">
      <id>79</id>
      <course reference="70"/>
      <lectureIndexInCourse>0</lectureIndexInCourse>
      <pinned>false</pinned>
    </Lecture>
    <Lecture id="351">
      <id>80</id>
      <course reference="70"/>
      <lectureIndexInCourse>1</lectureIndexInCourse>
      <pinned>false</pinned>
    </Lecture>
    <Lecture id="352">
      <id>81</id>
      <course reference="70"/>
      <lectureIndexInCourse>2</lectureIndexInCourse>
      <pinned>false</pinned>
    </Lecture>
    <Lecture id="353">
      <id>82</id>
      <course reference="72"/>
      <lectureIndexInCourse>0</lectureIndexInCourse>
      <pinned>false</pinned>
    </Lecture>
    <Lecture id="354">
      <id>83</id>
      <course reference="72"/>
      <lectureIndexInCourse>1</lectureIndexInCourse>
      <pinned>false</pinned>
    </Lecture>
    <Lecture id="355">
      <id>84</id>
      <course reference="72"/>
      <lectureIndexInCourse>2</lectureIndexInCourse>
      <pinned>false</pinned>
    </Lecture>
    <Lecture id="356">
      <id>85</id>
      <course reference="72"/>
      <lectureIndexInCourse>3</lectureIndexInCourse>
      <pinned>false</pinned>
    </Lecture>
    <Lecture id="357">
      <id>86</id>
      <course reference="72"/>
      <lectureIndexInCourse>4</lectureIndexInCourse>
      <pinned>false</pinned>
    </Lecture>
    <Lecture id="358">
      <id>87</id>
      <course reference="72"/>
      <lectureIndexInCourse>5</lectureIndexInCourse>
      <pinned>false</pinned>
    </Lecture>
    <Lecture id="359">
      <id>88</id>
      <course reference="74"/>
      <lectureIndexInCourse>0</lectureIndexInCourse>
      <pinned>false</pinned>
    </Lecture>
    <Lecture id="360">
      <id>89</id>
      <course reference="74"/>
      <lectureIndexInCourse>1</lectureIndexInCourse>
      <pinned>false</pinned>
    </Lecture>
    <Lecture id="361">
      <id>90</id>
      <course reference="74"/>
      <lectureIndexInCourse>2</lectureIndexInCourse>
      <pinned>false</pinned>
    </Lecture>
    <Lecture id="362">
      <id>91</id>
      <course reference="74"/>
      <lectureIndexInCourse>3</lectureIndexInCourse>
      <pinned>false</pinned>
    </Lecture>
    <Lecture id="363">
      <id>92</id>
      <course reference="74"/>
      <lectureIndexInCourse>4</lectureIndexInCourse>
      <pinned>false</pinned>
    </Lecture>
    <Lecture id="364">
      <id>93</id>
      <course reference="74"/>
      <lectureIndexInCourse>5</lectureIndexInCourse>
      <pinned>false</pinned>
    </Lecture>
    <Lecture id="365">
      <id>94</id>
      <course reference="76"/>
      <lectureIndexInCourse>0</lectureIndexInCourse>
      <pinned>false</pinned>
    </Lecture>
    <Lecture id="366">
      <id>95</id>
      <course reference="76"/>
      <lectureIndexInCourse>1</lectureIndexInCourse>
      <pinned>false</pinned>
    </Lecture>
    <Lecture id="367">
      <id>96</id>
      <course reference="76"/>
      <lectureIndexInCourse>2</lectureIndexInCourse>
      <pinned>false</pinned>
    </Lecture>
    <Lecture id="368">
      <id>97</id>
      <course reference="76"/>
      <lectureIndexInCourse>3</lectureIndexInCourse>
      <pinned>false</pinned>
    </Lecture>
    <Lecture id="369">
      <id>98</id>
      <course reference="76"/>
      <lectureIndexInCourse>4</lectureIndexInCourse>
      <pinned>false</pinned>
    </Lecture>
    <Lecture id="370">
      <id>99</id>
      <course reference="76"/>
      <lectureIndexInCourse>5</lectureIndexInCourse>
      <pinned>false</pinned>
    </Lecture>
    <Lecture id="371">
      <id>100</id>
      <course reference="78"/>
      <lectureIndexInCourse>0</lectureIndexInCourse>
      <pinned>false</pinned>
    </Lecture>
    <Lecture id="372">
      <id>101</id>
      <course reference="78"/>
      <lectureIndexInCourse>1</lectureIndexInCourse>
      <pinned>false</pinned>
    </Lecture>
    <Lecture id="373">
      <id>102</id>
      <course reference="78"/>
      <lectureIndexInCourse>2</lectureIndexInCourse>
      <pinned>false</pinned>
    </Lecture>
    <Lecture id="374">
      <id>103</id>
      <course reference="78"/>
      <lectureIndexInCourse>3</lectureIndexInCourse>
      <pinned>false</pinned>
    </Lecture>
    <Lecture id="375">
      <id>104</id>
      <course reference="78"/>
      <lectureIndexInCourse>4</lectureIndexInCourse>
      <pinned>false</pinned>
    </Lecture>
    <Lecture id="376">
      <id>105</id>
      <course reference="80"/>
      <lectureIndexInCourse>0</lectureIndexInCourse>
      <pinned>false</pinned>
    </Lecture>
    <Lecture id="377">
      <id>106</id>
      <course reference="80"/>
      <lectureIndexInCourse>1</lectureIndexInCourse>
      <pinned>false</pinned>
    </Lecture>
    <Lecture id="378">
      <id>107</id>
      <course reference="80"/>
      <lectureIndexInCourse>2</lectureIndexInCourse>
      <pinned>false</pinned>
    </Lecture>
    <Lecture id="379">
      <id>108</id>
      <course reference="80"/>
      <lectureIndexInCourse>3</lectureIndexInCourse>
      <pinned>false</pinned>
    </Lecture>
    <Lecture id="380">
      <id>109</id>
      <course reference="80"/>
      <lectureIndexInCourse>4</lectureIndexInCourse>
      <pinned>false</pinned>
    </Lecture>
    <Lecture id="381">
      <id>110</id>
      <course reference="82"/>
      <lectureIndexInCourse>0</lectureIndexInCourse>
      <pinned>false</pinned>
    </Lecture>
    <Lecture id="382">
      <id>111</id>
      <course reference="82"/>
      <lectureIndexInCourse>1</lectureIndexInCourse>
      <pinned>false</pinned>
    </Lecture>
    <Lecture id="383">
      <id>112</id>
      <course reference="82"/>
      <lectureIndexInCourse>2</lectureIndexInCourse>
      <pinned>false</pinned>
    </Lecture>
    <Lecture id="384">
      <id>113</id>
      <course reference="82"/>
      <lectureIndexInCourse>3</lectureIndexInCourse>
      <pinned>false</pinned>
    </Lecture>
    <Lecture id="385">
      <id>114</id>
      <course reference="82"/>
      <lectureIndexInCourse>4</lectureIndexInCourse>
      <pinned>false</pinned>
    </Lecture>
    <Lecture id="386">
      <id>115</id>
      <course reference="84"/>
      <lectureIndexInCourse>0</lectureIndexInCourse>
      <pinned>false</pinned>
    </Lecture>
    <Lecture id="387">
      <id>116</id>
      <course reference="84"/>
      <lectureIndexInCourse>1</lectureIndexInCourse>
      <pinned>false</pinned>
    </Lecture>
    <Lecture id="388">
      <id>117</id>
      <course reference="84"/>
      <lectureIndexInCourse>2</lectureIndexInCourse>
      <pinned>false</pinned>
    </Lecture>
    <Lecture id="389">
      <id>118</id>
      <course reference="84"/>
      <lectureIndexInCourse>3</lectureIndexInCourse>
      <pinned>false</pinned>
    </Lecture>
    <Lecture id="390">
      <id>119</id>
      <course reference="84"/>
      <lectureIndexInCourse>4</lectureIndexInCourse>
      <pinned>false</pinned>
    </Lecture>
    <Lecture id="391">
      <id>120</id>
      <course reference="84"/>
      <lectureIndexInCourse>5</lectureIndexInCourse>
      <pinned>false</pinned>
    </Lecture>
    <Lecture id="392">
      <id>121</id>
      <course reference="86"/>
      <lectureIndexInCourse>0</lectureIndexInCourse>
      <pinned>false</pinned>
    </Lecture>
    <Lecture id="393">
      <id>122</id>
      <course reference="86"/>
      <lectureIndexInCourse>1</lectureIndexInCourse>
      <pinned>false</pinned>
    </Lecture>
    <Lecture id="394">
      <id>123</id>
      <course reference="86"/>
      <lectureIndexInCourse>2</lectureIndexInCourse>
      <pinned>false</pinned>
    </Lecture>
    <Lecture id="395">
      <id>124</id>
      <course reference="86"/>
      <lectureIndexInCourse>3</lectureIndexInCourse>
      <pinned>false</pinned>
    </Lecture>
    <Lecture id="396">
      <id>125</id>
      <course reference="86"/>
      <lectureIndexInCourse>4</lectureIndexInCourse>
      <pinned>false</pinned>
    </Lecture>
    <Lecture id="397">
      <id>126</id>
      <course reference="86"/>
      <lectureIndexInCourse>5</lectureIndexInCourse>
      <pinned>false</pinned>
    </Lecture>
    <Lecture id="398">
      <id>127</id>
      <course reference="88"/>
      <lectureIndexInCourse>0</lectureIndexInCourse>
      <pinned>false</pinned>
    </Lecture>
    <Lecture id="399">
      <id>128</id>
      <course reference="88"/>
      <lectureIndexInCourse>1</lectureIndexInCourse>
      <pinned>false</pinned>
    </Lecture>
    <Lecture id="400">
      <id>129</id>
      <course reference="88"/>
      <lectureIndexInCourse>2</lectureIndexInCourse>
      <pinned>false</pinned>
    </Lecture>
    <Lecture id="401">
      <id>130</id>
      <course reference="88"/>
      <lectureIndexInCourse>3</lectureIndexInCourse>
      <pinned>false</pinned>
    </Lecture>
    <Lecture id="402">
      <id>131</id>
      <course reference="88"/>
      <lectureIndexInCourse>4</lectureIndexInCourse>
      <pinned>false</pinned>
    </Lecture>
    <Lecture id="403">
      <id>132</id>
      <course reference="88"/>
      <lectureIndexInCourse>5</lectureIndexInCourse>
      <pinned>false</pinned>
    </Lecture>
    <Lecture id="404">
      <id>133</id>
      <course reference="88"/>
      <lectureIndexInCourse>6</lectureIndexInCourse>
      <pinned>false</pinned>
    </Lecture>
    <Lecture id="405">
      <id>134</id>
      <course reference="88"/>
      <lectureIndexInCourse>7</lectureIndexInCourse>
      <pinned>false</pinned>
    </Lecture>
    <Lecture id="406">
      <id>135</id>
      <course reference="88"/>
      <lectureIndexInCourse>8</lectureIndexInCourse>
      <pinned>false</pinned>
    </Lecture>
    <Lecture id="407">
      <id>136</id>
      <course reference="90"/>
      <lectureIndexInCourse>0</lectureIndexInCourse>
      <pinned>false</pinned>
    </Lecture>
    <Lecture id="408">
      <id>137</id>
      <course reference="90"/>
      <lectureIndexInCourse>1</lectureIndexInCourse>
      <pinned>false</pinned>
    </Lecture>
    <Lecture id="409">
      <id>138</id>
      <course reference="90"/>
      <lectureIndexInCourse>2</lectureIndexInCourse>
      <pinned>false</pinned>
    </Lecture>
    <Lecture id="410">
      <id>139</id>
      <course reference="90"/>
      <lectureIndexInCourse>3</lectureIndexInCourse>
      <pinned>false</pinned>
    </Lecture>
    <Lecture id="411">
      <id>140</id>
      <course reference="92"/>
      <lectureIndexInCourse>0</lectureIndexInCourse>
      <pinned>false</pinned>
    </Lecture>
    <Lecture id="412">
      <id>141</id>
      <course reference="92"/>
      <lectureIndexInCourse>1</lectureIndexInCourse>
      <pinned>false</pinned>
    </Lecture>
    <Lecture id="413">
      <id>142</id>
      <course reference="92"/>
      <lectureIndexInCourse>2</lectureIndexInCourse>
      <pinned>false</pinned>
    </Lecture>
    <Lecture id="414">
      <id>143</id>
      <course reference="92"/>
      <lectureIndexInCourse>3</lectureIndexInCourse>
      <pinned>false</pinned>
    </Lecture>
    <Lecture id="415">
      <id>144</id>
      <course reference="92"/>
      <lectureIndexInCourse>4</lectureIndexInCourse>
      <pinned>false</pinned>
    </Lecture>
    <Lecture id="416">
      <id>145</id>
      <course reference="92"/>
      <lectureIndexInCourse>5</lectureIndexInCourse>
      <pinned>false</pinned>
    </Lecture>
    <Lecture id="417">
      <id>146</id>
      <course reference="92"/>
      <lectureIndexInCourse>6</lectureIndexInCourse>
      <pinned>false</pinned>
    </Lecture>
    <Lecture id="418">
      <id>147</id>
      <course reference="94"/>
      <lectureIndexInCourse>0</lectureIndexInCourse>
      <pinned>false</pinned>
    </Lecture>
    <Lecture id="419">
      <id>148</id>
      <course reference="94"/>
      <lectureIndexInCourse>1</lectureIndexInCourse>
      <pinned>false</pinned>
    </Lecture>
    <Lecture id="420">
      <id>149</id>
      <course reference="96"/>
      <lectureIndexInCourse>0</lectureIndexInCourse>
      <pinned>false</pinned>
    </Lecture>
    <Lecture id="421">
      <id>150</id>
      <course reference="96"/>
      <lectureIndexInCourse>1</lectureIndexInCourse>
      <pinned>false</pinned>
    </Lecture>
    <Lecture id="422">
      <id>151</id>
      <course reference="96"/>
      <lectureIndexInCourse>2</lectureIndexInCourse>
      <pinned>false</pinned>
    </Lecture>
    <Lecture id="423">
      <id>152</id>
      <course reference="98"/>
      <lectureIndexInCourse>0</lectureIndexInCourse>
      <pinned>false</pinned>
    </Lecture>
    <Lecture id="424">
      <id>153</id>
      <course reference="98"/>
      <lectureIndexInCourse>1</lectureIndexInCourse>
      <pinned>false</pinned>
    </Lecture>
    <Lecture id="425">
      <id>154</id>
      <course reference="98"/>
      <lectureIndexInCourse>2</lectureIndexInCourse>
      <pinned>false</pinned>
    </Lecture>
    <Lecture id="426">
      <id>155</id>
      <course reference="98"/>
      <lectureIndexInCourse>3</lectureIndexInCourse>
      <pinned>false</pinned>
    </Lecture>
    <Lecture id="427">
      <id>156</id>
      <course reference="98"/>
      <lectureIndexInCourse>4</lectureIndexInCourse>
      <pinned>false</pinned>
    </Lecture>
    <Lecture id="428">
      <id>157</id>
      <course reference="98"/>
      <lectureIndexInCourse>5</lectureIndexInCourse>
      <pinned>false</pinned>
    </Lecture>
    <Lecture id="429">
      <id>158</id>
      <course reference="100"/>
      <lectureIndexInCourse>0</lectureIndexInCourse>
      <pinned>false</pinned>
    </Lecture>
    <Lecture id="430">
      <id>159</id>
      <course reference="100"/>
      <lectureIndexInCourse>1</lectureIndexInCourse>
      <pinned>false</pinned>
    </Lecture>
    <Lecture id="431">
      <id>160</id>
      <course reference="100"/>
      <lectureIndexInCourse>2</lectureIndexInCourse>
      <pinned>false</pinned>
    </Lecture>
    <Lecture id="432">
      <id>161</id>
      <course reference="100"/>
      <lectureIndexInCourse>3</lectureIndexInCourse>
      <pinned>false</pinned>
    </Lecture>
  </lectureList>
</CourseSchedule>
