<CourseSchedule id="1">
	<id>0</id>

	<majorList id="10000">
		<!--教室类型 -->
		<Major id="10001">
			<id>100</id>
			<!--描述 -->
			<code>特殊课程</code>
		</Major>
		<Major id="10002">
			<id>101</id>
			<code>大众课程</code>
		</Major>
	</majorList>

	<aweekList id="190000">
		<!--一周的标识 -->
		<AWeek id="190001">
			<id>0</id>
			<code>周一</code>
		</AWeek>
		<AWeek id="190002">
			<id>1</id>
			<code>周二</code>
		</AWeek>
		<AWeek id="190003">
			<id>2</id>
			<code>周三</code>
		</AWeek>
		<AWeek id="190004">
			<id>3</id>
			<code>周四</code>
		</AWeek>
		<AWeek id="190005">
			<id>4</id>
			<code>周五</code>
		</AWeek>
		<AWeek id="190006">
			<id>5</id>
			<code>周六</code>
		</AWeek>
		<AWeek id="190007">
			<id>6</id>
			<code>周日</code>
		</AWeek>
	</aweekList>

	<coursenatureList id="100000">
		<!--课程性质 -->
		<Coursenature id="10004">
			<id>0</id>
			<code>公共选修课</code>
		</Coursenature>
		<Coursenature id="10005">
			<id>1</id>
			<code>公共必修</code>
		</Coursenature>
	</coursenatureList>


	<subjectList id="67000">
		<!--课程管理 -->
		<Subject id="67001">
			<id>0</id>
			<code>化学</code>
			<!--教室类型 -->
			<major reference="10001" />
			<!--课程性质 -->
			<coursenature reference="10005" />
		</Subject>

		<Subject id="670011">
			<id>1</id>
			<code>生物</code>
			<major reference="10002" />
			<coursenature reference="10005" />
		</Subject>

		<Subject id="6700112">
			<id>2</id>
			<code>地理</code>
			<major reference="10002" />
			<coursenature reference="10005" />
		</Subject>
	</subjectList>
	<teacherList id="2">
		<!--教师列表 -->
		<Teacher id="3">
			<id>0</id>
			<code>吴斌</code>
		</Teacher>
		<Teacher id="4">
			<id>1</id>
			<code>李丽</code>
		</Teacher>
		<Teacher id="5">
			<id>2</id>
			<code>张现增</code>
		</Teacher>
		<Teacher id="6">
			<id>3</id>
			<code>李伟光</code>
		</Teacher>
		<Teacher id="7">
			<id>4</id>
			<code>李启星</code>
		</Teacher>
		<Teacher id="8">
			<id>5</id>
			<code>李汉阳</code>
		</Teacher>
		<Teacher id="9">
			<id>6</id>
			<code>万晓东</code>
		</Teacher>
		<Teacher id="10">
			<id>7</id>
			<code>张军伟</code>
		</Teacher>
		<Teacher id="11">
			<id>8</id>
			<code>李玟雨</code>
		</Teacher>
		<Teacher id="12">
			<id>9</id>
			<code>李明月</code>
		</Teacher>
		<Teacher id="13">
			<id>10</id>
			<code>张峰</code>
		</Teacher>
		<Teacher id="14">
			<id>11</id>
			<code>陈明</code>
		</Teacher>
		<Teacher id="15">
			<id>12</id>
			<code>王栋</code>
		</Teacher>
		<Teacher id="16">
			<id>13</id>
			<code>田健</code>
		</Teacher>
		<Teacher id="17">
			<id>14</id>
			<code>吴萍</code>
		</Teacher>
		<Teacher id="18">
			<id>15</id>
			<code>林丹</code>
		</Teacher>
	</teacherList>
	<curriculumList id="19">
		<!--班级列表 -->
		<Curriculum id="20">
			<id>0</id>
			<code>Group A</code>
		</Curriculum>
		<Curriculum id="21">
			<id>1</id>
			<code>Group B</code>
		</Curriculum>
		<Curriculum id="22">
			<id>2</id>
			<code>Group C</code>
		</Curriculum>
		<Curriculum id="23">
			<id>3</id>
			<code>Group D</code>
		</Curriculum>
		<Curriculum id="24">
			<id>4</id>
			<code>Group E</code>
		</Curriculum>
		<Curriculum id="25">
			<id>5</id>
			<code>Group F</code>
		</Curriculum>
		<Curriculum id="26">
			<id>6</id>
			<code>Group G</code>
		</Curriculum>
		<Curriculum id="27">
			<id>7</id>
			<code>Group H</code>
		</Curriculum>
	</curriculumList>


	<courseList id="28">
		<!--课程编辑 -->
		<Course id="31">
			<id>1</id>
			<code>化学A</code>
  <!---->
			<teacher reference="4" />
			<subject reference="67001" />


			<curriculumList id="32">
				<Curriculum reference="25" />
			</curriculumList>

			<studentSize>15</studentSize>
		</Course>

		<Course id="33">
			<id>2</id>
			<code>生物</code>
			<teacher reference="5" />
			<subject reference="670011" />


			<curriculumList id="34">
				<Curriculum reference="20" />
			</curriculumList>

			<studentSize>15</studentSize>
		</Course>


		<Course id="35">
			<id>3</id>
			<code>地理</code>
			<teacher reference="6" />
			<subject reference="6700112" />


			<curriculumList id="36">
				<Curriculum reference="21" />

			</curriculumList>

			<studentSize>15</studentSize>
		</Course>
	</courseList>

	<!--周次列表 -->
	<weekList id="123123">
		<!--第几周 -->
		<Week id="30000">
			<id>12000</id>
			<!--标识第几周，这是为了能够把对应周的课程放到对应的周中 -->
			<index>1</index>
			<code>第一周</code>
			<dayList id="119">
				<!--周几 -->
				<Day id="120">
					<id>0</id>
					<code>周一</code>
					<!--这里引用周几的标识是在需要某个课程周几上时可以使用。比如数学周一上，只要是用了这个那么就是每周的周一都上数学 -->
					<aweek reference="190001" />
					<!--周一dayIndex是0 -->
					<dayIndex>0</dayIndex>
					<periodList id="121">
						<!--Period具体时间，周一的第一二节课 -->
						<Period id="122">
							<id>0</id>
							<!--调用那周 -->
							<week reference="30000" />
							<!--调用周几 -->
							<day reference="120" />
							<!--timeslot第几节课 -->
							<timeslot id="123">
								<id>0</id>

								<code>第一节课</code>
								<!--时间段 -->
								<time>8:00-8:45</time>
								<!--第一二节课timeslotIndex 为 1,以此类推 -->
								<timeslotIndex>1</timeslotIndex>
							</timeslot>
						</Period>
						<Period id="124">
							<id>1</id>
							<week reference="30000" />
							<day reference="120" />
							<timeslot id="125">
								<id>1</id>

								<code>第二节课</code>
								<time>8:55-9:40</time>
								<timeslotIndex>2</timeslotIndex>
							</timeslot>
						</Period>
						<Period id="126">
							<id>2</id>
							<week reference="30000" />
							<day reference="120" />
							<timeslot id="127">
								<id>2</id>

								<code>第三节课</code>
								<time>10:00-10:45</time>
								<timeslotIndex>3</timeslotIndex>
							</timeslot>
						</Period>
						<Period id="128">
							<id>3</id>
							<week reference="30000" />
							<day reference="120" />
							<timeslot id="129">
								<id>3</id>

								<code>第四节课</code>
								<time>10:55-11:40</time>
								<timeslotIndex>4</timeslotIndex>
							</timeslot>
						</Period>
						<Period id="130">
							<id>4</id>
							<week reference="30000" />
							<day reference="120" />
							<timeslot id="131">
								<id>4</id>

								<code>第五节课</code>
								<time>13:30-14:15</time>
								<timeslotIndex>5</timeslotIndex>
							</timeslot>
						</Period>
						<Period id="132">
							<id>5</id>
							<week reference="30000" />
							<day reference="120" />
							<timeslot id="133">
								<id>5</id>

								<code>第六节课</code>
								<time>14:25-15:10</time>
								<timeslotIndex>6</timeslotIndex>
							</timeslot>
						</Period>
						<Period id="134">
							<id>6</id>
							<week reference="30000" />
							<day reference="120" />
							<timeslot id="135">
								<id>6</id>

								<code>第七节课</code>
								<time>15:20-16:05</time>
								<timeslotIndex>7</timeslotIndex>
							</timeslot>
						</Period>
					</periodList>
				</Day>
				<Day id="136">
					<id>1</id>
					<aweek reference="190002" />
					<code>周二</code>
					<dayIndex>1</dayIndex>
					<periodList id="137">
						<Period id="138">
							<id>7</id>
							<week reference="30000" />
							<day reference="136" />
							<timeslot reference="123" />
						</Period>
						<Period id="139">
							<id>8</id>
							<week reference="30000" />
							<day reference="136" />
							<timeslot reference="125" />
						</Period>
						<Period id="140">
							<id>9</id>
							<week reference="30000" />
							<day reference="136" />
							<timeslot reference="127" />
						</Period>
						<Period id="141">
							<id>10</id>
							<week reference="30000" />
							<day reference="136" />
							<timeslot reference="129" />
						</Period>
						<Period id="142">
							<id>11</id>
							<week reference="30000" />
							<day reference="136" />
							<timeslot reference="131" />
						</Period>
						<Period id="143">
							<id>12</id>
							<week reference="30000" />
							<day reference="136" />
							<timeslot reference="133" />
						</Period>
						<Period id="144">
							<id>13</id>
							<week reference="30000" />
							<day reference="136" />
							<timeslot reference="135" />
						</Period>
					</periodList>
				</Day>
				<Day id="145">
					<id>2</id>
					<aweek reference="190003" />
					<code>周三</code>
					<dayIndex>2</dayIndex>
					<periodList id="146">
						<Period id="147">
							<id>14</id>
							<week reference="30000" />
							<day reference="145" />
							<timeslot reference="123" />
						</Period>
						<Period id="148">
							<id>15</id>
							<week reference="30000" />
							<day reference="145" />
							<timeslot reference="125" />
						</Period>
						<Period id="149">
							<id>16</id>
							<week reference="30000" />
							<day reference="145" />
							<timeslot reference="127" />
						</Period>
						<Period id="150">
							<id>17</id>
							<week reference="30000" />
							<day reference="145" />
							<timeslot reference="129" />
						</Period>
					</periodList>
				</Day>
				<Day id="151">
					<id>3</id>
					<aweek reference="190004" />
					<code>周四</code>
					<dayIndex>3</dayIndex>
					<periodList id="152">
						<Period id="153">
							<id>18</id>
							<week reference="30000" />
							<day reference="151" />
							<timeslot reference="123" />
						</Period>
						<Period id="154">
							<id>19</id>
							<week reference="30000" />
							<day reference="151" />
							<timeslot reference="125" />
						</Period>
						<Period id="155">
							<id>20</id>
							<week reference="30000" />
							<day reference="151" />
							<timeslot reference="127" />
						</Period>
						<Period id="156">
							<id>21</id>
							<week reference="30000" />
							<day reference="151" />
							<timeslot reference="129" />
						</Period>
						<Period id="157">
							<id>22</id>
							<week reference="30000" />
							<day reference="151" />
							<timeslot reference="131" />
						</Period>
						<Period id="158">
							<id>23</id>
							<week reference="30000" />
							<day reference="151" />
							<timeslot reference="133" />
						</Period>
						<Period id="159">
							<id>24</id>
							<week reference="30000" />
							<day reference="151" />
							<timeslot reference="135" />
						</Period>
					</periodList>
				</Day>
				<Day id="160">
					<id>4</id>
					<aweek reference="190005" />
					<code>周五</code>

					<dayIndex>4</dayIndex>
					<periodList id="161">
						<Period id="162">
							<id>25</id>
							<week reference="30000" />
							<day reference="160" />
							<timeslot reference="123" />
						</Period>
						<Period id="163">
							<id>26</id>
							<week reference="30000" />
							<day reference="160" />
							<timeslot reference="125" />
						</Period>
						<Period id="164">
							<id>27</id>
							<week reference="30000" />
							<day reference="160" />
							<timeslot reference="127" />
						</Period>
						<Period id="165">
							<id>28</id>
							<week reference="30000" />
							<day reference="160" />
							<timeslot reference="129" />
						</Period>
						<Period id="166">
							<id>29</id>
							<week reference="30000" />
							<day reference="160" />
							<timeslot reference="131" />
						</Period>
						<Period id="167">
							<id>30</id>
							<week reference="30000" />
							<day reference="160" />
							<timeslot reference="133" />
						</Period>
						<Period id="168">
							<id>31</id>
							<week reference="30000" />
							<day reference="160" />
							<timeslot reference="135" />
						</Period>
					</periodList>
				</Day>
			</dayList>
			<!--每一周有哪些课程，比如你知道某个班上那个课程，这里就是某个班某一周上那个课程，这个相当于course的子类 -->
			<weekCourseList id="90000">
				<!--某周的课程 -->
				<WeekCourse id="70000">
					<id>0</id>
					<!--代表某一周，1代表的是第一周，和上面week中的index相互照应 -->
					<index>1</index>
					<!--调用course来说明那个这周有那个课程 -->
					<course reference="31" />
					<!--这是那周 -->
					<week reference="30000" />
					<!--这个课程这周有几节 -->
					<lectureSize>2</lectureSize>
				</WeekCourse>
				<WeekCourse id="70004">
					<id>2</id>
					<index>1</index>
					<course reference="33" />
					<week reference="30000" />
					<lectureSize>3</lectureSize>
				</WeekCourse>


			</weekCourseList>
		</Week>

		<Week id="300001">
			<id>120001</id>
			<code>第二周</code>
			<index>2</index>
			<dayList id="119111">
				<!--周几 -->
				<Day id="120111">
					<id>100</id>
					<aweek reference="190001" />
					<code>周一</code>
					<!--周一dayIndex是0 -->
					<dayIndex>0</dayIndex>
					<periodList id="121111">
						<!--Period具体时间，周一的第一二节课 -->
						<Period id="122111">
							<id>105</id>
							<week reference="300001" />
							<day reference="120111" />
							<!--timeslot第几节课 -->
							<timeslot reference="123" />
						</Period>
						<Period id="124111">
							<id>106</id>
							<week reference="300001" />
							<day reference="120111" />
							<timeslot reference="125" />
						</Period>
						<Period id="126111">
							<id>207</id>
							<week reference="300001" />
							<day reference="120111" />
							<timeslot reference="127" />
						</Period>
						<Period id="128111">
							<id>308</id>
							<week reference="300001" />
							<day reference="120111" />
							<timeslot reference="129" />
						</Period>
						<Period id="130111">
							<id>409</id>
							<week reference="300001" />
							<day reference="120111" />
							<timeslot reference="131" />
						</Period>
						<Period id="132111">
							<id>510</id>
							<week reference="300001" />
							<day reference="120111" />
							<timeslot reference="133" />
						</Period>
						<Period id="134111">
							<id>611</id>
							<week reference="300001" />
							<day reference="120111" />
							<timeslot reference="135" />
						</Period>
					</periodList>
				</Day>
				<Day id="136111">
					<id>101</id>
					<aweek reference="190002" />
					<code>周二</code>
					<dayIndex>1</dayIndex>
					<periodList id="137111">
						<Period id="138111">
							<id>711</id>
							<week reference="300001" />
							<day reference="136111" />
							<timeslot reference="123" />
						</Period>
						<Period id="139111">
							<id>811</id>
							<week reference="300001" />
							<day reference="136111" />
							<timeslot reference="125" />
						</Period>
						<Period id="140111">
							<id>911</id>
							<week reference="300001" />
							<day reference="136111" />
							<timeslot reference="127" />
						</Period>
						<Period id="141111">
							<id>1011</id>
							<week reference="300001" />
							<day reference="136111" />
							<timeslot reference="129" />
						</Period>
						<Period id="142111">
							<id>1111</id>
							<week reference="300001" />
							<day reference="136111" />
							<timeslot reference="131" />
						</Period>
						<Period id="143111">
							<id>1112</id>
							<week reference="300001" />
							<day reference="136111" />
							<timeslot reference="133" />
						</Period>
						<Period id="144111">
							<id>1113</id>
							<week reference="300001" />
							<day reference="136111" />
							<timeslot reference="135" />
						</Period>
					</periodList>
				</Day>
				<Day id="145111">
					<id>102</id>
					<aweek reference="190003" />
					<code>周三</code>
					<dayIndex>2</dayIndex>
					<periodList id="146111">
						<Period id="147111">
							<id>1114</id>
							<week reference="300001" />
							<day reference="145111" />
							<timeslot reference="123" />
						</Period>
						<Period id="148111">
							<id>1115</id>
							<week reference="300001" />
							<day reference="145111" />
							<timeslot reference="125" />
						</Period>
						<Period id="149111">
							<id>1116</id>
							<week reference="300001" />
							<day reference="145111" />
							<timeslot reference="127" />
						</Period>
						<Period id="150111">
							<id>17111</id>
							<week reference="300001" />
							<day reference="145111" />
							<timeslot reference="129" />
						</Period>
					</periodList>
				</Day>
				<Day id="151111">
					<id>103</id>
					<aweek reference="190004" />
					<code>周四</code>
					<dayIndex>3</dayIndex>
					<periodList id="152111">
						<Period id="153111">
							<id>1118</id>
							<week reference="300001" />
							<day reference="151111" />
							<timeslot reference="123" />
						</Period>
						<Period id="154111">
							<id>1119</id>
							<week reference="300001" />
							<day reference="151111" />
							<timeslot reference="125" />
						</Period>
						<Period id="155111">
							<id>2011</id>
							<week reference="300001" />
							<day reference="151111" />
							<timeslot reference="127" />
						</Period>
						<Period id="156111">
							<id>2111</id>
							<week reference="300001" />
							<day reference="151111" />
							<timeslot reference="129" />
						</Period>
						<Period id="157111">
							<id>2211</id>
							<week reference="300001" />
							<day reference="151111" />
							<timeslot reference="131" />
						</Period>
						<Period id="158111">
							<id>2311</id>
							<week reference="300001" />
							<day reference="151111" />
							<timeslot reference="133" />
						</Period>
						<Period id="159111">
							<id>2411</id>
							<week reference="300001" />
							<day reference="151111" />
							<timeslot reference="135" />
						</Period>

					</periodList>
				</Day>
				<Day id="160111">
					<id>104</id>
					<aweek reference="190005" />
					<code>周五</code>
					<dayIndex>4</dayIndex>
					<periodList id="161111">
						<Period id="162111">
							<id>2511</id>
							<week reference="300001" />
							<day reference="160111" />
							<timeslot reference="123" />
						</Period>
						<Period id="163111">
							<id>2611</id>
							<week reference="300001" />
							<day reference="160111" />
							<timeslot reference="125" />
						</Period>
						<Period id="164111">
							<id>2711</id>
							<week reference="300001" />
							<day reference="160111" />
							<timeslot reference="127" />
						</Period>
						<Period id="165111">
							<id>2811</id>
							<week reference="300001" />
							<day reference="160111" />
							<timeslot reference="129" />
						</Period>
						<Period id="166111">
							<id>2911</id>
							<week reference="300001" />
							<day reference="160111" />
							<timeslot reference="131" />
						</Period>
						<Period id="167111">
							<id>3011</id>
							<week reference="300001" />
							<day reference="160111" />
							<timeslot reference="133" />
						</Period>
						<Period id="168111">
							<id>11111</id>
							<week reference="300001" />
							<day reference="160111" />
							<timeslot reference="135" />
						</Period>
					</periodList>
				</Day>
			</dayList>
			<weekCourseList id="90000">
				<WeekCourse id="70001">

					<id>1</id>
					<index>2</index>
					<course reference="31" />
					<week reference="300001" />
					<lectureSize>2</lectureSize>
				</WeekCourse>
				<WeekCourse id="70002">

					<id>4</id>
					<index>2</index>
					<course reference="33" />
					<week reference="300001" />
					<lectureSize>3</lectureSize>
				</WeekCourse>
				<WeekCourse id="7000211">

					<id>5</id>
					<index>2</index>
					<course reference="35" />
					<week reference="30000" />
					<lectureSize>3</lectureSize>
				</WeekCourse>

			</weekCourseList>
		</Week>





		<Week id="3000011">
			<id>1200001</id>
			<code>第三周</code>
			<index>3</index>
			<dayList id="1191111">
				<!--周几 -->
				<Day id="1201111">
					<id>1000</id>
					<aweek reference="190001" />
					<code>周一</code>
					<!--周一dayIndex是0 -->
					<dayIndex>0</dayIndex>
					<periodList id="1211111">
						<!--Period具体时间，周一的第一二节课 -->
						<Period id="1221111">
							<id>1005</id>
							<week reference="3000011" />
							<day reference="1201111" />
							<!--timeslot第几节课 -->
							<timeslot reference="123" />
						</Period>
						<Period id="1241111">
							<id>1006</id>
							<week reference="3000011" />
							<day reference="1201111" />
							<timeslot reference="125" />
						</Period>
						<Period id="1261111">
							<id>2007</id>
							<week reference="3000011" />
							<day reference="1201111" />
							<timeslot reference="127" />
						</Period>
						<Period id="1281111">
							<id>3008</id>
							<week reference="3000011" />
							<day reference="1201111" />
							<timeslot reference="129" />
						</Period>
						<Period id="1301111">
							<id>4009</id>
							<week reference="3000011" />
							<day reference="1201111" />
							<timeslot reference="131" />
						</Period>
						<Period id="1321111">
							<id>5100</id>
							<week reference="3000011" />
							<day reference="1201111" />
							<timeslot reference="133" />
						</Period>
						<Period id="1341111">
							<id>6101</id>
							<week reference="3000011" />
							<day reference="1201111" />
							<timeslot reference="135" />
						</Period>
					</periodList>
				</Day>
				<Day id="1361111">
					<id>1001</id>
					<aweek reference="190002" />
					<code>周二</code>
					<dayIndex>1</dayIndex>
					<periodList id="1371111">
						<Period id="1381111">
							<id>7101</id>
							<week reference="3000011" />
							<day reference="1361111" />
							<timeslot reference="123" />
						</Period>
						<Period id="1391111">
							<id>8101</id>
							<week reference="3000011" />
							<day reference="1361111" />
							<timeslot reference="125" />
						</Period>
						<Period id="1401111">
							<id>9110</id>
							<week reference="3000011" />
							<day reference="1361111" />
							<timeslot reference="127" />
						</Period>
						<Period id="1411111">
							<id>10101</id>
							<week reference="3000011" />
							<day reference="1361111" />
							<timeslot reference="129" />
						</Period>
						<Period id="1421111">
							<id>11101</id>
							<week reference="3000011" />
							<day reference="1361111" />
							<timeslot reference="131" />
						</Period>
						<Period id="1431111">
							<id>11102</id>
							<week reference="3000011" />
							<day reference="1361111" />
							<timeslot reference="133" />
						</Period>
						<Period id="1441111">
							<id>11130</id>
							<week reference="3000011" />
							<day reference="1361111" />
							<timeslot reference="135" />
						</Period>
					</periodList>
				</Day>
				<Day id="1451111">
					<id>1020</id>
					<aweek reference="190003" />
					<code>周三</code>
					<dayIndex>2</dayIndex>
					<periodList id="1461111">
						<Period id="1471111">
							<id>11104</id>
							<week reference="3000011" />
							<day reference="1451111" />
							<timeslot reference="123" />
						</Period>
						<Period id="1481111">
							<id>11015</id>
							<week reference="3000011" />
							<day reference="1451111" />
							<timeslot reference="125" />
						</Period>
						<Period id="1491111">
							<id>11016</id>
							<week reference="3000011" />
							<day reference="1451111" />
							<timeslot reference="127" />
						</Period>
						<Period id="1501111">
							<id>171011</id>
							<week reference="3000011" />
							<day reference="1451111" />
							<timeslot reference="129" />
						</Period>
					</periodList>
				</Day>
				<Day id="1511111">
					<id>10003</id>
					<aweek reference="190004" />
					<code>周四</code>
					<dayIndex>3</dayIndex>
					<periodList id="1521111">
						<Period id="1531111">
							<id>11108</id>
							<week reference="3000011" />
							<day reference="1511111" />
							<timeslot reference="123" />
						</Period>
						<Period id="1541111">
							<id>11109</id>
							<week reference="3000011" />
							<day reference="1511111" />
							<timeslot reference="125" />
						</Period>
						<Period id="1551111">
							<id>20101</id>
							<week reference="3000011" />
							<day reference="1511111" />
							<timeslot reference="127" />
						</Period>
						<Period id="1561111">
							<id>21101</id>
							<week reference="3000011" />
							<day reference="1511111" />
							<timeslot reference="129" />
						</Period>
						<Period id="1571111">
							<id>22101</id>
							<week reference="3000011" />
							<day reference="1511111" />
							<timeslot reference="131" />
						</Period>
						<Period id="1581111">
							<id>23101</id>
							<week reference="3000011" />
							<day reference="1511111" />
							<timeslot reference="133" />
						</Period>
						<Period id="1591111">
							<id>24101</id>
							<week reference="3000011" />
							<day reference="1511111" />
							<timeslot reference="135" />
						</Period>

					</periodList>
				</Day>
				<Day id="1601111">
					<id>10004</id>
					<aweek reference="190005" />
					<code>周五</code>
					<dayIndex>4</dayIndex>
					<periodList id="1611111">
						<Period id="1621111">
							<id>25011</id>
							<week reference="3000011" />
							<day reference="1601111" />
							<timeslot reference="123" />
						</Period>
						<Period id="1631111">
							<id>26101</id>
							<week reference="3000011" />
							<day reference="1601111" />
							<timeslot reference="125" />
						</Period>
						<Period id="1641111">
							<id>27101</id>
							<week reference="3000011" />
							<day reference="1601111" />
							<timeslot reference="127" />
						</Period>
						<Period id="1651111">
							<id>28011</id>
							<week reference="3000011" />
							<day reference="1601111" />
							<timeslot reference="129" />
						</Period>
						<Period id="1661111">
							<id>29110</id>
							<week reference="3000011" />
							<day reference="1601111" />
							<timeslot reference="131" />
						</Period>
						<Period id="1671111">
							<id>30101</id>
							<week reference="3000011" />
							<day reference="1601111" />
							<timeslot reference="133" />
						</Period>
						<Period id="1681111">
							<id>111101</id>
							<week reference="3000011" />
							<day reference="1601111" />
							<timeslot reference="135" />
						</Period>
					</periodList>
				</Day>
			</dayList>
			<weekCourseList id="900001">
				<WeekCourse id="700011">

					<id>10</id>
					<index>3</index>
					<course reference="31" />
					<week reference="3000011" />
					<lectureSize>2</lectureSize>
				</WeekCourse>
				<WeekCourse id="700021">

					<id>40</id>
					<index>3</index>
					<course reference="33" />
					<week reference="3000011" />
					<lectureSize>3</lectureSize>
				</WeekCourse>

				<WeekCourse id="7000212">

					<id>50</id>
					<index>3</index>
					<course reference="35" />
					<week reference="3000011" />
					<lectureSize>3</lectureSize>
				</WeekCourse>
			</weekCourseList>
		</Week>




	</weekList>
	<!--将上面的id再引用一次 -->
	<weekCourseList id="1231232">
		<WeekCourse reference="70000" />
		<WeekCourse reference="70001" />
		<WeekCourse reference="70002" />
		<WeekCourse reference="70004" />
		<WeekCourse reference="700011" />
		<WeekCourse reference="700021" />
		<WeekCourse reference="7000211" />
		<WeekCourse reference="7000212" />
	</weekCourseList>


	<dayList id="8888">
		<Day reference="120" />
		<Day reference="136" />
		<Day reference="145" />
		<Day reference="151" />
		<Day reference="160" />


		<Day reference="120111" />
		<Day reference="136111" />
		<Day reference="145111" />
		<Day reference="151111" />
		<Day reference="160111" />


		<Day reference="1201111" />
		<Day reference="1361111" />
		<Day reference="1451111" />
		<Day reference="1511111" />
		<Day reference="1601111" />
	</dayList>
	<timeslotList id="169">


		<Timeslot reference="123" />
		<Timeslot reference="125" />
		<Timeslot reference="127" />
		<Timeslot reference="129" />
		<Timeslot reference="131" />
		<Timeslot reference="133" />
		<Timeslot reference="135" />

	</timeslotList>
	<periodList id="170">







		<Period reference="122" />
		<Period reference="124" />
		<Period reference="126" />
		<Period reference="128" />
		<Period reference="130" />
		<Period reference="132" />
		<Period reference="134" />
		<Period reference="138" />
		<Period reference="139" />
		<Period reference="140" />
		<Period reference="141" />
		<Period reference="142" />
		<Period reference="143" />
		<Period reference="144" />
		<Period reference="147" />
		<Period reference="148" />
		<Period reference="149" />
		<Period reference="150" />
		<Period reference="153" />
		<Period reference="154" />
		<Period reference="155" />
		<Period reference="156" />
		<Period reference="157" />
		<Period reference="158" />
		<Period reference="159" />
		<Period reference="162" />
		<Period reference="163" />
		<Period reference="164" />
		<Period reference="165" />
		<Period reference="166" />
		<Period reference="167" />
		<Period reference="168" />



		<Period reference="122111" />
		<Period reference="124111" />
		<Period reference="126111" />
		<Period reference="128111" />
		<Period reference="130111" />
		<Period reference="132111" />
		<Period reference="134111" />
		<Period reference="138111" />
		<Period reference="139111" />
		<Period reference="140111" />
		<Period reference="141111" />
		<Period reference="142111" />
		<Period reference="143111" />
		<Period reference="144111" />
		<Period reference="147111" />
		<Period reference="148111" />
		<Period reference="149111" />
		<Period reference="150111" />
		<Period reference="153111" />
		<Period reference="154111" />
		<Period reference="155111" />
		<Period reference="156111" />
		<Period reference="157111" />
		<Period reference="158111" />
		<Period reference="159111" />
		<Period reference="162111" />
		<Period reference="163111" />
		<Period reference="164111" />
		<Period reference="165111" />
		<Period reference="166111" />
		<Period reference="167111" />
		<Period reference="168111" />







		<Period reference="1221111" />
		<Period reference="1241111" />
		<Period reference="1261111" />
		<Period reference="1281111" />
		<Period reference="1301111" />
		<Period reference="1321111" />
		<Period reference="1341111" />
		<Period reference="1381111" />
		<Period reference="1391111" />
		<Period reference="1401111" />
		<Period reference="1411111" />
		<Period reference="1421111" />
		<Period reference="1431111" />
		<Period reference="1441111" />
		<Period reference="1471111" />
		<Period reference="1481111" />
		<Period reference="1491111" />
		<Period reference="1501111" />
		<Period reference="1531111" />
		<Period reference="1541111" />
		<Period reference="1551111" />
		<Period reference="1561111" />
		<Period reference="1571111" />
		<Period reference="1581111" />
		<Period reference="1591111" />
		<Period reference="1621111" />
		<Period reference="1631111" />
		<Period reference="1641111" />
		<Period reference="1651111" />
		<Period reference="1661111" />
		<Period reference="1671111" />
		<Period reference="1681111" />


	</periodList>




	<roomList id="171">
		<!--教室 -->
		<Room id="172">
			<id>0</id>
			<code>阶梯A</code>
			<!--教室类型 -->
			<major reference="10002" />
			<!--教室的容纳量 -->
			<capacity>20</capacity>
		</Room>
		<Room id="173">
			<id>1</id>
			<code>阶梯B</code>
			<major reference="10002" />
			<capacity>25</capacity>
		</Room>
		<Room id="174">
			<id>2</id>
			<code>阶梯C</code>
			<major reference="10002" />
			<capacity>40</capacity>
		</Room>
		<Room id="175">
			<id>3</id>
			<code>阶梯D</code>
			<major reference="10002" />
			<capacity>20</capacity>
		</Room>
		<Room id="176">
			<id>4</id>
			<major reference="10002" />
			<code>阶梯E</code>

			<capacity>40</capacity>
		</Room>
		<Room id="177">
			<id>5</id>
			<code>阶梯F</code>
			<major reference="10002" />
			<capacity>25</capacity>
		</Room>
		<Room id="178">
			<id>6</id>
			<code>阶梯G</code>
			<major reference="10002" />
			<capacity>25</capacity>
		</Room>
		<Room id="179">
			<id>7</id>
			<code>阶梯H</code>
			<major reference="10002" />
			<capacity>40</capacity>
		</Room>
		<Room id="180">
			<id>8</id>
			<code>阶梯I</code>
			<major reference="10002" />
			<capacity>40</capacity>
		</Room>
		<Room id="181">
			<id>9</id>
			<code>阶梯J</code>
			<major reference="10002" />
			<capacity>40</capacity>
		</Room>
		<Room id="182">
			<id>10</id>
			<major reference="10002" />
			<code>阶梯K</code>
			<capacity>25</capacity>
		</Room>
		<Room id="183">
			<id>11</id>
			<major reference="10002" />
			<code>阶梯M</code>
			<capacity>30</capacity>
		</Room>
	</roomList>
	<unavailablePeriodPenaltyList id="184">
		<!--不得将特定讲座分配到特定时间段 -->

		<!--<UnavailablePeriodPenalty id="186"> <id>1</id> <weight>1</weight> <course 
			reference="31"/> <period reference="122"/> </UnavailablePeriodPenalty> -->
	</unavailablePeriodPenaltyList>
	<unavailablePeriodPenaltySubjectList
		id="21212121">
		<!--某类课程不得在周几的第几节上 -->
		<!--<UnavailablePeriodPenaltySubject id="1212121"> <id>0</id> <weight>1</weight> 
			<aweek reference="190002"/> <subject reference="670011"/> <timeslot reference="123"/> 
			</UnavailablePeriodPenaltySubject> -->
	</unavailablePeriodPenaltySubjectList>


	<wantavailablePeriodPenaltySubjectList
		id="212121210">
		<!--某类课程在周几的第几节上 -->
		<!--<WantavailablePeriodPenaltySubject id="12121210"> <id>0</id> <weight>1</weight> 
			<aweek reference="190002"/> <subject reference="670011"/> <timeslot reference="123"/> 
			</WantavailablePeriodPenaltySubject> -->
	</wantavailablePeriodPenaltySubjectList>
	<wantavailablePeriodPenaltyList1
		id="2222222">
		<!--<WantavailablePeriodPenalty1 id="333333333"> <id>0</id> <weight>1</weight> 
			<aweek reference="190002"/> <course reference="31"/> <timeslot reference="123"/> 
			</WantavailablePeriodPenalty1> -->
	</wantavailablePeriodPenaltyList1>
	<unavailableTeacherTimeslotPenaltyList
		id="39090">
		<!--某个老师不希望第几节上课 -->
		<!--<UnavailableTeacherTimeslotPenalty id="39091"> <id>0</id> <weight>1</weight> 
			<teacher reference="4"/> <timeslot reference="123"/> </UnavailableTeacherTimeslotPenalty> -->

	</unavailableTeacherTimeslotPenaltyList>

	<wantavailableTeacherTimeslotPenaltyList
		id="390901">
		<!--某个老师希望第几节上课 -->
		<!--<WantavailableTeacherTimeslotPenalty id="390911"> <id>0</id> <weight>1</weight> 
			<teacher reference="4"/> <timeslot reference="123"/> </WantavailableTeacherTimeslotPenalty> -->

	</wantavailableTeacherTimeslotPenaltyList>


	<unavailableTimeslotPenaltySubjectList
		id="98799">
		<!--全部的某个课程不能在第几节上 -->
		<!--<UnavailableTimeslotPenaltySubject id="98798"> <id>0</id> <weight>1</weight> 
			<subject reference="67001"/> <timeslot reference="123"/> </UnavailableTimeslotPenaltySubject> -->
	</unavailableTimeslotPenaltySubjectList>


	<wantavailableTimeslotPenaltySubjectList
		id="987910">
		<!--全部的某个课程能在第几节上 -->
		<!--<WantavailableTimeslotPenaltySubject id="987888"> <id>0</id> <weight>1</weight> 
			<subject reference="670011"/> <timeslot reference="123"/> </WantavailableTimeslotPenaltySubject> -->
	</wantavailableTimeslotPenaltySubjectList>


	<wantavailabletimeslotPenaltyNoCourseList
		id="390941">
		<!--某节课最好排上课 -->
		<!--<WantavailabletimeslotPenaltyNoCourse id="39095"> <id>0</id> <weight>1</weight> 
			<timeslot reference="123"/> </WantavailabletimeslotPenaltyNoCourse> <WantavailabletimeslotPenaltyNoCourse 
			id="39096"> <id>1</id> <weight>1</weight> <timeslot reference="125"/> </WantavailabletimeslotPenaltyNoCourse> -->
	</wantavailabletimeslotPenaltyNoCourseList>



	<wantCourseCompactnessSubjectList
		id="503111">
		<!--某个课程连续上 -->
		<!--<WantCourseCompactnessSubject id="226111"> <id>43</id> <weight>5</weight> 
			<subject reference="670011"/> </WantCourseCompactnessSubject> -->
	</wantCourseCompactnessSubjectList>

	<wantTwoCourseCompactnessSubjectList
		id="503112">
		<!--某个课程连续上 -->
		<!--<WantTwoCourseCompactnessSubject id="226111"> <id>43</id> <weight>2</weight> 
			<subject reference="67001"/> </WantTwoCourseCompactnessSubject> -->
	</wantTwoCourseCompactnessSubjectList>

	<wantavailabletimeslotPenaltyCoursenatureList
		id="100061">
		<!--某个性质的课程优先在那个时间段上课(比如专业课) -->
		<!--<WantavailabletimeslotPenaltyCoursenature id="100071"> <id>0</id> <weight>1</weight> 
			<coursenature reference="10004"/> <timeslot reference="123"/> </WantavailabletimeslotPenaltyCoursenature> 
			<WantavailabletimeslotPenaltyCoursenature id="100081"> <id>1</id> <weight>1</weight> 
			<coursenature reference="10004"/> <timeslot reference="125"/> </WantavailabletimeslotPenaltyCoursenature> -->

	</wantavailabletimeslotPenaltyCoursenatureList>

	<wantavailablePeriodPenaltyList id="500">
		<!--某个课程某个时间段某个房间上课用来规定每周的相似性 -->


		<!--<WantavailablePeriodPenalty id="228"> <id>45</id> <weight>1</weight> 
			<course reference="31"/> <aweek reference="190002"/> <timeslot reference="123"/> 
			<room reference="174"/> </WantavailablePeriodPenalty> <WantavailablePeriodPenalty 
			id="229"> <id>46</id> <weight>1</weight> <course reference="31"/> <aweek 
			reference="190002"/> <timeslot reference="125"/> <room reference="172"/> 
			</WantavailablePeriodPenalty> -->
	</wantavailablePeriodPenaltyList>
	<wantavailableRoomPenaltyList id="501">
		<!--某个课程在某个房间上，没有时间观念 -->
		<!--<WantavailableRoomPenalty id="226"> <id>43</id> <weight>1</weight> 
			<course reference="31"/> <room reference="183"/> </WantavailableRoomPenalty> -->

		<!--<WantavailableRoomPenalty id="228"> <id>45</id> <weight>1</weight> 
			<course reference="33"/> <room reference="183"/> </WantavailableRoomPenalty> -->

	</wantavailableRoomPenaltyList>
	<unavailableRoomPenaltyList id="502">
		<!--某个课程不在某个房间上，没有时间观念 -->
		<!--<UnavailableRoomPenalty id="226"> <id>43</id> <weight>1</weight> <course 
			reference="31"/> <room reference="173"/> </UnavailableRoomPenalty> <UnavailableRoomPenalty 
			id="228"> <id>45</id> <weight>1</weight> <course reference="35"/> <room reference="174"/> 
			</UnavailableRoomPenalty> -->
	</unavailableRoomPenaltyList>
	<wantCourseCompactnessList id="503">
		<!--某个课程连续上 -->
		<!--<WantCourseCompactness id="226"> <id>43</id> <weight>10</weight> <course 
			reference="33"/> </WantCourseCompactness> -->
	</wantCourseCompactnessList>

	<wantavailableCoursenaturePenaltyList
		id="10006">
		<!--某个性质的课程在周几的第几节上课，比如选修课是在周二的最后两节课 -->
		<!--<WantavailableCoursenaturePenalty id="10007"> <id>0</id> <weight>1</weight> 
			<coursenature reference="10004"/> <aweek reference="190002"/> <timeslot reference="133"/> 
			</WantavailableCoursenaturePenalty> <WantavailableCoursenaturePenalty id="10008"> 
			<id>1</id> <weight>1</weight> <coursenature reference="10004"/> <aweek reference="190002"/> 
			<timeslot reference="135"/> </WantavailableCoursenaturePenalty> -->
	</wantavailableCoursenaturePenaltyList>
	<unavailableCoursenaturePenaltyList
		id="10011">
		<!--某个课程性质的课不想在第几节上 -->
		<!--<UnavailableCoursenaturePenalty id="100012"> <id>0</id> <weight>1</weight> 
			<coursenature reference="10004"/> <timeslot reference="123"/> </UnavailableCoursenaturePenalty> -->
	</unavailableCoursenaturePenaltyList>

	<wantavailableRoomPenaltySubjectList
		id="987910">
		<!--全部的某个课程在那个教室上 -->
		<!--<WantavailableRoomPenaltySubject id="987888"> <id>0</id> <weight>1</weight> 
			<subject reference="67001"/> <room reference="176"/> </WantavailableRoomPenaltySubject> -->
	</wantavailableRoomPenaltySubjectList>

	<unavailableRoomPenaltySubjectList
		id="987911">
		<!--全部的某个课程不在那个教室上 -->
		<!--<UnavailableRoomPenaltySubject id="987889"> <id>0</id> <weight>1</weight> 
			<subject reference="670011"/> <room reference="172"/> </UnavailableRoomPenaltySubject> -->
	</unavailableRoomPenaltySubjectList>

	<wantTwoCourseCompactnessList id="509">
		<!--某个课程连续上 -->
		<!--<WantTwoCourseCompactness id="233"> <id>43</id> <weight>10</weight> 
			<course reference="35"/> </WantTwoCourseCompactness> <WantTwoCourseCompactness 
			id="234"> <id>45</id> <weight>10</weight> <course reference="37"/> </WantTwoCourseCompactness> -->
	</wantTwoCourseCompactnessList>
	<unCourseCompactnessList id="504">
		<!--某个课程不连续上 -->
		<!--<UnCourseCompactness id="228"> <id>43</id> <weight>1</weight> <course 
			reference="115"/> </UnCourseCompactness> <UnCourseCompactness id="229"> <id>44</id> 
			<course reference="117"/> </UnCourseCompactness> -->
	</unCourseCompactnessList>
	<!--相当于一个课程集合，如果有两节课那么lectureIndexInCourse为0和lectureIndexInCourse为1，从0开始几节课就是总数减去1 -->
	<lectureList id="230">
		<Lecture id="232">
			<id>1</id>
			<weekCourse reference="70001" />
			<lectureIndexInCourse>1</lectureIndexInCourse>
			<locked>false</locked>
		</Lecture>
		<Lecture id="231">
			<id>0</id>
			<weekCourse reference="70001" />
			<lectureIndexInCourse>0</lectureIndexInCourse>
			<locked>false</locked>
		</Lecture>
		<Lecture id="234">
			<id>3</id>
			<weekCourse reference="70000" />
			<lectureIndexInCourse>1</lectureIndexInCourse>
			<locked>false</locked>
		</Lecture>

		<Lecture id="233">
			<id>2</id>
			<weekCourse reference="70000" />
			<lectureIndexInCourse>0</lectureIndexInCourse>
			<locked>false</locked>
		</Lecture>
		<Lecture id="236">
			<id>5</id>
			<weekCourse reference="70002" />
			<lectureIndexInCourse>1</lectureIndexInCourse>
			<locked>false</locked>
		</Lecture>
		<Lecture id="235">
			<id>4</id>
			<weekCourse reference="70002" />
			<lectureIndexInCourse>0</lectureIndexInCourse>
			<locked>false</locked>
		</Lecture>


		<Lecture id="237">
			<id>6</id>
			<weekCourse reference="70004" />
			<lectureIndexInCourse>0</lectureIndexInCourse>
			<locked>false</locked>
		</Lecture>
		<Lecture id="238">
			<id>7</id>
			<weekCourse reference="70004" />
			<lectureIndexInCourse>1</lectureIndexInCourse>
			<locked>false</locked>
		</Lecture>
		<Lecture id="239">
			<id>8</id>
			<weekCourse reference="70004" />
			<lectureIndexInCourse>2</lectureIndexInCourse>
			<locked>false</locked>
		</Lecture>
		<Lecture id="240">
			<id>10</id>
			<weekCourse reference="70002" />
			<lectureIndexInCourse>2</lectureIndexInCourse>
			<locked>false</locked>
		</Lecture>
		<Lecture id="240">
			<id>61</id>
			<weekCourse reference="700011" />
			<lectureIndexInCourse>0</lectureIndexInCourse>
			<locked>false</locked>
		</Lecture>
		<Lecture id="241">
			<id>71</id>
			<weekCourse reference="700011" />
			<lectureIndexInCourse>1</lectureIndexInCourse>
			<locked>false</locked>
		</Lecture>


		<Lecture id="242">
			<id>26</id>
			<weekCourse reference="700021" />
			<lectureIndexInCourse>0</lectureIndexInCourse>
			<locked>false</locked>
		</Lecture>
		<Lecture id="243">
			<id>37</id>
			<weekCourse reference="700021" />
			<lectureIndexInCourse>1</lectureIndexInCourse>
			<locked>false</locked>
		</Lecture>
		<Lecture id="244">
			<id>33</id>
			<weekCourse reference="700021" />
			<lectureIndexInCourse>2</lectureIndexInCourse>
			<locked>false</locked>
		</Lecture>




		<Lecture id="2421">
			<id>261</id>
			<weekCourse reference="7000211" />
			<lectureIndexInCourse>0</lectureIndexInCourse>
			<locked>false</locked>
		</Lecture>
		<Lecture id="2431">
			<id>371</id>
			<weekCourse reference="7000211" />
			<lectureIndexInCourse>1</lectureIndexInCourse>
			<locked>false</locked>
		</Lecture>
		<Lecture id="2441">
			<id>331</id>
			<weekCourse reference="7000211" />
			<lectureIndexInCourse>2</lectureIndexInCourse>
			<locked>false</locked>
		</Lecture>



		<Lecture id="24211">
			<id>2611</id>
			<weekCourse reference="7000212" />
			<lectureIndexInCourse>0</lectureIndexInCourse>
			<locked>false</locked>
		</Lecture>
		<Lecture id="24311">
			<id>3711</id>
			<weekCourse reference="7000212" />
			<lectureIndexInCourse>1</lectureIndexInCourse>
			<locked>false</locked>
		</Lecture>
		<Lecture id="24411">
			<id>3311</id>
			<weekCourse reference="7000212" />
			<lectureIndexInCourse>2</lectureIndexInCourse>
			<locked>false</locked>
		</Lecture>
	</lectureList>
</CourseSchedule>
